countryName,countryCode,indicatorName,indicatorCode,1961,1962,1963,1964,1965,1966,1967,1968,1969,1970,1971,1972,1973,1974,1975,1976,1977,1978,1979,1980,1981,1982,1983,1984,1985,1986,1987,1988,1989,1990,1991,1992,1993,1994,1995,1996,1997,1998,1999,2000,2001,2002,2003,2004,2005,2006,2007,2008,2009,2010
Afghanistan,AFG,CO2 emissions (kt),EN.ATM.CO2E.KT,491.378,689.396,707.731,839.743,1008.425,1092.766,1283.45,1224.778,942.419,1672.152,1895.839,1532.806,1639.149,1917.841,2126.86,1987.514,2390.884,2159.863,2240.537,1760.16,1983.847,2101.191,2522.896,2830.924,3509.319,3142.619,3124.284,2867.594,2775.919,2676.91,2493.56,1426.463,1375.125,1320.12,1268.782,1199.109,1114.768,1056.096,832.409,781.071,645.392,359.366,583.053,733.4,1015.759,1338.455,1991.181,3927.357,6523.593,8236.082
Albania,ALB,CO2 emissions (kt),EN.ATM.CO2E.KT,2280.874,2464.224,2082.856,2016.85,2174.531,2552.232,2680.577,3072.946,3245.295,3744.007,4352.729,5643.513,5291.481,4345.395,4594.751,4950.45,5720.52,6494.257,7587.023,5170.47,7341.334,7308.331,7631.027,7825.378,7880.383,8056.399,7444.01,7326.666,8984.15,7488.014,3971.361,2387.217,2343.213,1928.842,2086.523,2016.85,1543.807,1752.826,2984.938,3021.608,3223.293,3751.341,4294.057,4165.712,4253.72,3865.018,4055.702,4129.042,3879.686,4283.056
Algeria,DZA,CO2 emissions (kt),EN.ATM.CO2E.KT,6065.218,5669.182,5427.16,5650.847,6596.933,8430.433,8441.434,9061.157,11276.025,15075.037,18668.697,28349.577,38312.816,31906.567,32031.245,39170.894,41891.808,62529.684,45621.147,66519.38,46438.888,39269.903,52625.117,71103.13,72786.283,76277.267,84120.98,83948.631,80046.943,78895.505,81458.738,82261.811,82474.497,86350.516,94692.941,96566.778,88195.017,107080.067,92118.707,87930.993,84293.329,90853.592,92533.078,89493.135,107127.738,103963.117,112338.545,114619.419,124586.325,123475.224
American Samoa,ASM,CO2 emissions (kt),EN.ATM.CO2E.KT,,,,,,,,,,,,,,,,,,,,,,,,,,,,,,,,,,,,,,,,,,,,,,,,,,
Andorra,AND,CO2 emissions (kt),EN.ATM.CO2E.KT,,,,,,,,,,,,,,,,,,,,,,,,,,,,,,,,,,,407.037,425.372,458.375,484.044,513.38,524.381,524.381,531.715,535.382,564.718,575.719,546.383,539.049,539.049,517.047,517.047
Angola,AGO,CO2 emissions (kt),EN.ATM.CO2E.KT,454.708,1180.774,1151.438,1224.778,1188.108,1554.808,993.757,1672.152,2786.92,3582.659,3410.31,4506.743,4880.777,4873.443,4415.068,3285.632,3534.988,5412.492,5504.167,5346.486,5280.48,4649.756,5115.465,5009.122,4701.094,4660.757,5815.862,5130.133,5009.122,4429.736,4367.397,4418.735,5801.194,3890.687,11012.001,10491.287,7381.671,7308.331,9156.499,9541.534,9732.218,12665.818,9064.824,18793.375,19156.408,22266.024,25151.953,26596.751,27836.197,30417.765
Antigua and Barbuda,ATG,CO2 emissions (kt),EN.ATM.CO2E.KT,47.671,102.676,84.341,91.675,150.347,348.365,564.718,990.09,1257.781,462.042,425.372,374.034,330.03,429.039,707.731,403.37,465.709,491.378,407.037,143.013,106.343,293.36,84.341,146.68,249.356,249.356,275.025,286.026,286.026,300.694,293.36,293.36,308.028,311.695,322.696,322.696,337.364,333.697,348.365,344.698,344.698,363.033,388.702,407.037,410.704,425.372,443.707,458.375,498.712,513.38
Argentina,ARG,CO2 emissions (kt),EN.ATM.CO2E.KT,51180.319,53695.881,50083.886,55727.399,58866.351,63138.406,65543.958,69082.613,77329.696,82734.854,88939.418,90156.862,94065.884,95569.354,94931.296,99786.404,100791.162,102639.33,110703.063,108737.551,102041.609,103424.068,105213.564,106522.683,100596.811,104212.473,114942.115,121473.042,117090.977,112613.57,117021.304,121447.373,118609.115,123350.546,122547.473,129217.746,134677.909,137673.848,145488.225,141076.824,132631.723,123266.205,133126.768,156170.196,160951.964,174237.505,180416.4,190056.943,179638.996,180511.742
Armenia,ARM,CO2 emissions (kt),EN.ATM.CO2E.KT,,,,,,,,,,,,,,,,,,,,,,,,,,,,,,,,4052.035,2896.93,2966.603,3490.984,2607.237,3278.298,3406.643,3058.278,3465.315,3542.322,3043.61,3428.645,3644.998,4360.063,4382.065,5067.794,5555.505,4352.729,4220.717
Aruba,ABW,CO2 emissions (kt),EN.ATM.CO2E.KT,,,,,,,,,,,,,,,,,,,,,,,,,,179.683,447.374,612.389,649.059,1840.834,1928.842,1723.49,1771.161,1763.827,1782.162,1811.498,1851.835,1668.485,1683.153,2233.203,2236.87,2255.205,2255.205,2258.872,2273.54,2273.54,2357.881,2288.208,2295.542,2321.211
Australia,AUS,CO2 emissions (kt),EN.ATM.CO2E.KT,90589.568,94912.961,101029.517,108979.573,120966.996,120332.605,129265.417,134622.904,142257.598,147618.752,152774.554,157486.649,170992.21,172356.334,175883.988,174244.839,187787.07,202015.03,205069.641,220746.066,230360.94,234119.615,225003.453,236594.84,241229.928,239964.813,256106.947,261145.405,277771.583,287331.452,281530.258,294456.433,302116.796,303957.63,307433.946,329259.93,333623.66,346912.868,325523.257,329604.628,324859.53,341001.664,346476.495,348757.369,362684.635,371214.077,377235.291,387634.903,395093.581,373080.58
Austria,AUT,CO2 emissions (kt),EN.ATM.CO2E.KT,31862.563,33905.082,36992.696,38943.54,38188.138,39258.902,39966.633,42350.183,44693.396,50692.608,52155.741,56193.108,60164.469,57469.224,54392.611,58415.31,56218.777,57483.892,61594.599,52306.088,56130.769,53868.23,51983.392,54550.292,54700.639,54080.916,57744.249,53340.182,54117.586,60725.52,65602.63,60542.17,60281.813,61103.221,61730.278,63024.729,63901.142,65565.96,63798.466,63695.79,65716.307,67179.44,72316.907,71865.866,74238.415,71565.172,69141.285,68268.539,62261.993,66897.081
Azerbaijan,AZE,CO2 emissions (kt),EN.ATM.CO2E.KT,,,,,,,,,,,,,,,,,,,,,,,,,,,,,,,,57681.91,49365.154,42672.879,33479.71,31514.198,29809.043,31675.546,28576.931,29508.349,28771.282,29614.692,30615.783,32089.917,34337.788,39167.227,41426.099,45701.821,42628.875,45731.157
"Bahamas, The",BHS,CO2 emissions (kt),EN.ATM.CO2E.KT,546.383,726.066,707.731,1085.432,1316.453,1092.766,1705.155,1631.815,1745.492,2574.234,6732.612,6490.59,7873.049,7389.005,8254.417,6464.921,9717.55,6607.934,6930.63,7990.393,2801.588,2262.539,2016.85,1855.502,1510.804,1411.795,1422.796,1540.14,1947.177,1950.844,1782.162,1793.163,1701.488,1686.82,1683.153,1668.485,1364.124,1679.486,1675.819,1668.485,1569.476,1576.81,1518.138,1723.49,1598.812,1521.805,1547.474,1045.095,1642.816,2464.224
Bahrain,BHR,CO2 emissions (kt),EN.ATM.CO2E.KT,1771.161,1591.478,1195.442,1598.812,1228.445,649.059,1004.758,1103.767,1272.449,2592.569,3039.943,3681.668,5522.502,5405.158,5753.523,6574.931,7469.679,7766.706,8133.406,7887.717,8525.775,9838.561,8228.748,9207.837,10194.26,11012.001,11430.039,12163.439,11738.067,11884.747,11503.379,10590.296,15141.043,15254.72,16021.123,15621.42,17319.241,18404.673,18019.638,18643.028,13927.266,15698.427,16468.497,17509.925,19207.746,19497.439,22398.036,24301.209,24169.197,24202.2
Bangladesh,BGD,CO2 emissions (kt),EN.ATM.CO2E.KT,,,,,,,,,,,,3509.319,4554.414,4660.757,4869.776,5570.173,5812.195,6017.547,6648.271,7638.361,7931.721,8599.115,8236.082,9123.496,10234.597,11463.042,11862.745,13545.898,13454.223,15533.412,15940.449,17748.28,17407.249,18969.391,22816.074,24029.851,25063.945,24048.186,25236.294,27869.2,32456.617,33707.064,33883.08,39750.28,37553.747,48136.709,48466.739,46435.221,52328.09,56152.771
Barbados,BRB,CO2 emissions (kt),EN.ATM.CO2E.KT,194.351,260.357,190.684,179.683,205.352,267.691,337.364,440.04,480.377,429.039,484.044,502.379,480.377,491.378,568.385,531.715,590.387,630.724,601.388,674.728,685.729,645.392,685.729,748.068,847.077,916.75,942.419,946.086,990.09,1074.431,1206.443,979.089,1114.768,748.068,828.742,850.744,902.082,1140.437,1210.11,1188.108,1221.111,1228.445,1268.782,1294.451,1353.123,1371.458,1426.463,1635.482,1624.481,1503.47
Belarus,BLR,CO2 emissions (kt),EN.ATM.CO2E.KT,,,,,,,,,,,,,,,,,,,,,,,,,,,,,,,,87487.286,74451.101,65914.325,62118.98,60157.135,59519.077,57597.569,55819.074,53468.527,52595.781,52390.429,53721.55,58037.609,59064.369,61829.287,60281.813,62815.71,60292.814,62221.656
Belgium,BEL,CO2 emissions (kt),EN.ATM.CO2E.KT,92793.435,98117.919,105781.949,103662.423,105440.918,105206.23,107472.436,118557.777,123618.237,125620.419,121528.047,130834.893,138872.957,135220.625,122100.099,130009.818,126570.172,135855.016,140233.414,135293.965,124014.273,117553.019,101623.571,105415.249,104447.161,102866.684,103116.04,100354.789,107461.435,108469.86,117578.688,114373.73,108924.568,113306.633,112976.603,119624.874,116295.238,119184.834,115844.197,115708.518,114766.099,107531.108,114835.772,111282.449,108524.865,106834.378,103215.049,103882.443,104194.138,108946.57
Belize,BLZ,CO2 emissions (kt),EN.ATM.CO2E.KT,36.67,69.673,62.339,84.341,84.341,80.674,121.011,102.676,135.679,121.011,143.013,157.681,146.68,154.014,176.016,176.016,198.018,216.353,209.019,190.684,183.35,172.349,172.349,172.349,190.684,205.352,227.354,249.356,300.694,311.695,359.366,355.699,377.701,374.034,377.701,308.028,388.702,370.367,601.388,689.396,711.398,359.366,374.034,381.368,396.036,407.037,425.372,407.037,414.371,421.705
Benin,BEN,CO2 emissions (kt),EN.ATM.CO2E.KT,128.345,135.679,121.011,143.013,150.347,113.677,143.013,154.014,201.685,282.359,293.36,388.702,381.368,407.037,443.707,260.357,297.027,363.033,366.7,517.047,429.039,502.379,462.042,513.38,744.401,693.063,539.049,561.051,641.725,715.065,828.742,905.749,1133.103,1265.115,1327.454,1265.115,1217.444,1213.777,1562.142,1617.147,1738.158,2053.52,2321.211,2511.895,2398.218,3876.019,4499.409,4492.075,4756.099,5188.805
Bermuda,BMU,CO2 emissions (kt),EN.ATM.CO2E.KT,176.016,157.681,150.347,201.685,179.683,201.685,212.686,223.687,198.018,227.354,231.021,253.023,425.372,443.707,458.375,469.376,454.708,425.372,462.042,436.373,388.702,396.036,451.041,443.707,451.041,425.372,575.719,649.059,784.738,597.721,509.713,407.037,480.377,473.043,465.709,476.71,476.71,462.042,495.045,495.045,495.045,524.381,509.713,671.061,443.707,520.714,517.047,388.702,465.709,476.71
Bhutan,BTN,CO2 emissions (kt),EN.ATM.CO2E.KT,,,,,,,,,,3.667,3.667,3.667,3.667,3.667,3.667,3.667,7.334,11.001,22.002,22.002,25.669,33.003,29.336,51.338,62.339,55.005,102.676,110.01,62.339,128.345,187.017,216.353,187.017,212.686,249.356,304.361,396.036,385.035,385.035,399.703,388.702,418.038,377.701,308.028,396.036,392.369,392.369,421.705,388.702,476.71
Bolivia,BOL,CO2 emissions (kt),EN.ATM.CO2E.KT,1041.428,1100.1,1213.777,1481.468,1510.804,1690.487,1892.172,2178.198,2548.565,2486.226,3061.945,3571.658,3457.981,3516.653,4059.369,4580.083,4481.074,5027.457,4737.764,4668.091,4792.769,4349.062,4290.39,4041.034,4125.375,3777.01,4030.033,4308.725,4994.454,5504.167,5779.192,6648.271,8038.064,8907.143,9424.19,8734.794,9842.228,10326.272,10311.604,10223.596,9823.893,9567.203,14128.951,13083.856,12324.787,14910.022,12757.493,13773.252,14407.643,15456.405
Bosnia and Herzegovina,BIH,CO2 emissions (kt),EN.ATM.CO2E.KT,,,,,,,,,,,,,,,,,,,,,,,,,,,,,,,,4136.376,2948.268,3230.627,3428.645,6050.55,14605.661,18811.71,18089.311,23223.111,20700.215,22918.75,23237.779,24616.571,25617.662,27168.803,27883.868,30997.151,30590.114,31125.496
Botswana,BWA,CO2 emissions (kt),EN.ATM.CO2E.KT,,,,,,,,,,,,22.002,51.338,88.008,187.017,594.054,781.071,832.409,942.419,986.423,1008.425,1100.1,1030.427,1045.095,1158.772,1323.787,1536.473,1617.147,1774.828,2178.198,2148.862,3296.633,3509.319,3509.319,3523.987,3138.952,3212.292,3832.015,3545.989,4275.722,4334.394,4484.741,4264.721,4378.398,4613.086,4646.089,4701.094,4979.786,4396.733,5232.809
Brazil,BRA,CO2 emissions (kt),EN.ATM.CO2E.KT,49203.806,53695.881,55617.389,56735.824,56398.46,64304.512,66193.017,77421.371,84315.331,93761.523,102635.663,114362.729,132463.041,143456.707,151164.741,155154.437,162961.48,176925.416,188322.452,187090.34,171806.284,172176.651,166632.147,168806.678,181248.809,198883.412,207530.198,209363.698,214024.455,208886.988,219330.604,220705.729,230738.641,242154.012,258347.484,284782.887,300547.32,312289.054,320173.104,327983.814,337433.673,332266.87,321621.569,337826.042,347308.904,347668.27,363212.683,387675.24,367147.374,419754.156
Brunei Darussalam,BRN,CO2 emissions (kt),EN.ATM.CO2E.KT,304.361,370.367,355.699,341.031,333.697,491.378,440.04,429.039,487.711,8210.413,7517.35,9460.86,9981.574,8184.744,7080.977,6024.881,6395.248,9541.534,7440.343,6882.959,1470.467,2093.857,2706.246,1917.841,2596.236,2299.209,3318.635,5716.853,6347.577,6420.917,5815.862,5808.528,5588.508,5408.825,5515.168,5595.842,5812.195,5984.544,4598.418,6527.26,6197.23,5320.817,5357.487,5361.154,5126.466,4822.105,10175.925,10582.962,9094.16,9160.166
Bulgaria,BGR,CO2 emissions (kt),EN.ATM.CO2E.KT,25973.361,30736.794,34411.128,42863.563,46317.877,48767.433,55166.348,59526.411,66376.367,61238.9,64300.845,66171.015,68825.923,71260.811,73061.308,73116.313,75969.239,81411.067,79152.195,77487.377,80343.97,90131.193,90365.881,87366.275,89540.806,91528.32,91634.663,87289.268,86739.218,75763.887,58176.955,54458.617,68077.855,54344.94,58004.606,56559.808,51616.692,48998.454,43981.998,43530.957,46453.556,44634.724,47307.967,46787.253,47909.355,48943.449,52812.134,50791.617,42804.891,44678.728
Burkina Faso,BFA,CO2 emissions (kt),EN.ATM.CO2E.KT,91.675,84.341,88.008,110.01,102.676,102.676,102.676,102.676,121.011,143.013,150.347,161.348,168.682,205.352,220.02,209.019,249.356,348.365,407.037,432.706,557.384,575.719,594.054,465.709,476.71,480.377,517.047,553.717,821.408,586.72,627.057,630.724,627.057,645.392,627.057,707.731,806.74,861.745,931.418,1041.428,997.424,1004.758,1078.098,1103.767,1125.769,1360.457,1646.483,1697.821,1664.818,1683.153
Burundi,BDI,CO2 emissions (kt),EN.ATM.CO2E.KT,,44.004,47.671,47.671,36.67,47.671,47.671,55.005,73.34,62.339,73.34,73.34,73.34,91.675,77.007,88.008,99.009,102.676,110.01,146.68,157.681,157.681,205.352,220.02,231.021,242.022,267.691,256.69,300.694,304.361,344.698,319.029,337.364,341.031,333.697,330.03,315.362,300.694,293.36,300.694,216.353,220.02,165.015,198.018,154.014,187.017,190.684,249.356,179.683,308.028
Cabo Verde,CPV,CO2 emissions (kt),EN.ATM.CO2E.KT,22.002,18.335,14.668,29.336,25.669,22.002,18.335,29.336,36.67,36.67,36.67,51.338,62.339,66.006,77.007,73.34,80.674,209.019,249.356,121.011,33.003,36.67,36.67,84.341,84.341,58.672,80.674,73.34,80.674,88.008,91.675,102.676,102.676,110.01,113.677,139.346,143.013,154.014,172.349,187.017,209.019,245.689,253.023,264.024,293.36,308.028,311.695,308.028,311.695,355.699
Cambodia,KHM,CO2 emissions (kt),EN.ATM.CO2E.KT,286.026,308.028,388.702,341.031,403.37,469.376,418.038,491.378,1345.789,1173.44,249.356,117.344,128.345,73.34,73.34,73.34,73.34,51.338,29.336,286.026,300.694,337.364,366.7,410.704,418.038,432.706,436.373,451.041,451.041,451.041,462.042,476.71,476.71,539.049,1551.141,1617.147,1540.14,1950.844,1895.839,1976.513,2251.538,2207.534,2379.883,2445.889,2775.919,2999.606,3483.65,3975.028,4052.035,4180.38
Cameroon,CMR,CO2 emissions (kt),EN.ATM.CO2E.KT,282.359,289.693,300.694,337.364,311.695,344.698,458.375,506.046,572.052,638.058,810.407,861.745,898.415,975.422,1162.439,1092.766,1565.809,2002.182,1829.833,3905.355,5342.819,6343.91,6589.599,6057.884,6475.922,2005.849,1855.502,2211.201,7638.361,1738.158,1111.101,3795.345,3898.021,3817.347,4363.73,4602.085,3215.959,3208.625,3080.28,3432.312,3421.311,3417.644,3795.345,3956.693,3696.336,3828.348,5834.197,5544.504,6673.94,7234.991
Canada,CAN,CO2 emissions (kt),EN.ATM.CO2E.KT,194182.318,207185.5,211109.19,237801.283,252153.921,259319.239,281896.958,303539.592,307400.943,341485.708,352607.719,381136.979,381621.023,389970.782,397143.434,399317.965,398173.861,405826.89,427671.209,428547.622,416101.824,400286.053,397165.436,406714.304,401855.529,387220.532,411752.762,434341.482,440370.03,450076.579,449053.486,467648.843,477920.11,454491.647,459790.462,467883.531,483233.593,517219.349,515415.185,534483.585,525690.119,519162.859,553185.285,552349.209,563071.517,550233.35,560801.644,544974.872,513937.384,499137.372
Cayman Islands,CYM,CO2 emissions (kt),EN.ATM.CO2E.KT,11.001,11.001,11.001,11.001,11.001,18.335,14.668,22.002,44.004,36.67,44.004,55.005,58.672,55.005,58.672,69.673,73.34,95.342,95.342,165.015,157.681,165.015,172.349,187.017,194.351,205.352,216.353,227.354,260.357,253.023,275.025,311.695,333.697,366.7,366.7,388.702,407.037,425.372,421.705,454.708,454.708,469.376,480.377,498.712,513.38,517.047,612.389,630.724,586.72,590.387
Central African Republic,CAF,CO2 emissions (kt),EN.ATM.CO2E.KT,88.008,73.34,73.34,73.34,88.008,84.341,91.675,183.35,187.017,209.019,183.35,168.682,161.348,113.677,102.676,128.345,128.345,146.68,102.676,106.343,135.679,143.013,146.68,150.347,161.348,161.348,260.357,231.021,249.356,198.018,205.352,216.353,223.687,234.688,234.688,234.688,245.689,249.356,264.024,267.691,245.689,245.689,234.688,212.686,212.686,227.354,234.688,234.688,234.688,264.024
Chad,TCD,CO2 emissions (kt),EN.ATM.CO2E.KT,51.338,84.341,91.675,99.009,106.343,84.341,117.344,124.678,161.348,124.678,150.347,121.011,161.348,150.347,183.35,183.35,198.018,194.351,201.685,209.019,209.019,205.352,205.352,216.353,179.683,187.017,198.018,66.006,102.676,146.68,69.673,88.008,99.009,102.676,102.676,106.343,113.677,113.677,121.011,176.016,172.349,168.682,381.368,377.701,399.703,407.037,462.042,509.713,443.707,469.376
Channel Islands,CHI,CO2 emissions (kt),EN.ATM.CO2E.KT,,,,,,,,,,,,,,,,,,,,,,,,,,,,,,,,,,,,,,,,,,,,,,,,,,
Chile,CHL,CO2 emissions (kt),EN.ATM.CO2E.KT,14473.649,16725.187,17355.911,17524.593,17766.615,18793.375,19259.084,21224.596,22555.717,24664.242,27095.463,28191.896,27652.847,25955.026,23014.092,24103.191,23109.434,22948.086,24862.26,25265.63,24554.232,20615.874,20839.561,22200.018,21503.288,22247.689,22673.061,26926.781,32386.944,34143.437,32181.592,33314.695,35474.558,38888.535,42456.526,48518.077,56171.106,57714.913,60883.201,58694.002,52757.129,55360.699,55078.34,60047.125,61730.278,64392.52,71154.468,71224.141,67267.448,72258.235
China,CHN,CO2 emissions (kt),EN.ATM.CO2E.KT,552066.85,440359.029,436695.696,436923.05,475972.933,522789.522,433234.048,468928.626,577237.138,771617.474,876633.02,931575.681,968542.708,988014.478,1145607.47,1196193.735,1310310.775,1462168.579,1494859.884,1467192.369,1451501.276,1580260.647,1667029.201,1814908.31,1966553.428,2068969.071,2209708.531,2369501.723,2408540.605,2460744.017,2584538.27,2695982.067,2878694.009,3058241.33,3320285.15,3463089.131,3469510.048,3324344.519,3318055.614,3405179.867,3487566.356,3694242.143,4525177.009,5288166.032,5790016.984,6414463.08,6791804.714,7035443.861,7692210.895,8286891.952
Colombia,COL,CO2 emissions (kt),EN.ATM.CO2E.KT,18217.656,19442.434,21257.599,21708.64,22885.747,23501.803,24715.58,26604.085,28048.883,28404.582,30326.09,31481.195,33699.73,36479.316,35896.263,38089.129,39354.244,41682.789,44433.039,44356.032,44458.708,45914.507,49449.495,48980.119,48378.731,49101.13,50487.256,52445.434,53233.839,57337.212,57120.859,62049.307,64022.153,67571.809,59614.419,60527.502,64909.567,65976.664,56512.137,57923.932,56273.782,55661.393,57421.553,55071.006,60945.54,62940.388,63439.1,66438.706,70850.107,75679.546
Comoros,COM,CO2 emissions (kt),EN.ATM.CO2E.KT,11.001,11.001,11.001,11.001,14.668,18.335,18.335,18.335,18.335,29.336,29.336,29.336,29.336,29.336,33.003,40.337,40.337,29.336,22.002,47.671,47.671,47.671,47.671,47.671,55.005,51.338,58.672,62.339,62.339,77.007,77.007,77.007,77.007,77.007,80.674,66.006,66.006,73.34,80.674,84.341,88.008,91.675,99.009,102.676,110.01,121.011,121.011,124.678,124.678,139.346
"Congo, Dem. Rep.",COD,CO2 emissions (kt),EN.ATM.CO2E.KT,2357.881,2174.531,2295.542,1976.513,2471.558,2405.552,2291.875,3369.973,3652.332,2713.58,2962.936,3021.608,3193.957,3369.973,3237.961,3413.977,3487.317,3538.655,3755.008,3501.985,3777.01,3072.946,4026.366,3964.027,3641.331,3377.307,3854.017,4019.032,4393.066,4070.37,3755.008,3619.329,3410.31,2478.892,2966.603,3248.962,2926.266,2533.897,2247.871,1646.483,1565.809,1543.807,1697.821,1936.176,2225.869,2416.553,2603.57,2819.923,2720.914,3039.943
"Congo, Rep.",COG,CO2 emissions (kt),EN.ATM.CO2E.KT,267.691,238.355,234.688,267.691,245.689,308.028,322.696,451.041,502.379,572.052,685.729,663.727,1221.111,1624.481,1100.1,1235.779,480.377,322.696,348.365,407.037,473.043,1345.789,1144.104,1140.437,1279.783,1067.097,1323.787,1499.803,1507.137,1188.108,1265.115,1573.143,1543.807,2148.862,1565.809,1716.156,2343.213,777.404,821.408,1048.762,861.745,707.731,1085.432,1180.774,1455.799,1338.455,1437.464,1474.134,1884.838,2027.851
Costa Rica,CRI,CO2 emissions (kt),EN.ATM.CO2E.KT,491.378,550.05,601.388,674.728,847.077,993.757,876.413,1037.761,1147.771,1250.447,1529.139,1763.827,2046.186,1906.84,2038.852,2086.523,2614.571,2922.599,2794.254,2464.224,2251.538,2086.523,2104.858,2002.182,2266.206,2607.237,2757.584,2940.934,2973.937,2955.602,3336.97,3791.678,3953.026,5269.479,4866.109,4748.765,4987.12,5317.15,5522.502,5474.831,5760.857,6325.575,6626.269,6930.63,7088.311,7436.676,8573.446,8646.786,7818.044,7770.373
Cote d'Ivoire,CIV,CO2 emissions (kt),EN.ATM.CO2E.KT,553.717,586.72,623.39,762.736,1173.44,1294.451,1488.802,1763.827,2086.523,2442.222,2706.246,3014.274,3208.625,3560.657,3989.696,3964.027,4055.702,4818.438,5423.493,6222.899,4466.406,6109.222,4840.44,5405.158,7326.666,5966.209,7682.365,9160.166,8522.108,5797.527,5636.179,4624.087,5892.869,5251.144,7132.315,8379.095,8173.743,6912.295,6266.903,6791.284,7726.369,7286.329,5460.163,7664.03,7825.378,6996.636,6882.959,6871.958,5856.199,5804.861
Croatia,HRV,CO2 emissions (kt),EN.ATM.CO2E.KT,,,,,,,,,,,,,,,,,,,,,,,,,,,,,,,,16772.858,16428.16,16875.534,17612.601,18518.35,19295.754,20417.856,20491.196,19644.119,20714.883,21877.322,23542.14,23047.095,23105.767,23175.44,24389.217,23366.124,21554.626,20883.565
Cuba,CUB,CO2 emissions (kt),EN.ATM.CO2E.KT,12181.774,14169.288,13039.852,14293.966,14609.328,15185.047,15749.765,16035.791,17260.569,18672.364,19607.449,20799.224,22398.036,22911.416,27066.127,27223.808,29402.006,30689.123,31712.216,31400.521,32749.977,34554.141,30843.137,32603.297,32577.628,33567.718,33952.753,35635.906,35738.582,33340.364,29633.027,31338.182,29347.001,32199.927,25657.999,26959.784,24605.57,24444.222,25276.631,26039.367,25452.647,26090.705,25485.65,25005.273,26006.364,27407.158,26736.097,30443.434,29900.718,38364.154
Curacao,CUW,CO2 emissions (kt),EN.ATM.CO2E.KT,,,,,,,,,,,,,,,,,,,,,,,,,,,,,,,,,,,,,,,,,,,,,,,,,,
Cyprus,CYP,CO2 emissions (kt),EN.ATM.CO2E.KT,865.412,905.749,986.423,1001.091,1151.438,1243.113,1364.124,1624.481,1672.152,1705.155,1884.838,2405.552,2500.894,1925.175,1980.18,2464.224,2669.576,2808.922,3003.273,3208.625,3047.277,3102.282,3098.615,3182.956,3102.282,3545.989,4121.708,4129.042,4341.728,4653.423,4741.431,5276.813,5485.832,5636.179,5551.838,5764.524,5885.535,6391.581,6475.922,6849.956,6846.289,7022.305,7748.371,7334,7502.682,7788.708,8195.745,8555.111,8140.74,7708.034
Czech Republic,CZE,CO2 emissions (kt),EN.ATM.CO2E.KT,,,,,,,,,,,,,,,,,,,,,,,,,,,,,,,,139034.305,131810.315,125844.106,125052.034,127831.62,129214.079,122844.5,112481.558,124648.664,124406.642,120193.259,122378.791,122708.821,120735.975,122763.826,123948.267,117013.97,108121.495,111751.825
Denmark,DNK,CO2 emissions (kt),EN.ATM.CO2E.KT,31734.218,36926.69,40707.367,43189.926,44337.697,50127.89,49075.461,53325.514,59401.733,62100.645,57062.187,59599.751,59196.381,55023.335,55639.391,59977.452,61480.922,60784.192,62654.362,60215.807,51561.687,53464.86,49962.875,50597.266,59768.433,58569.324,58107.282,54858.32,48782.101,49746.522,61213.231,54319.271,57157.529,61051.883,55140.679,68602.236,57054.853,56068.43,50930.963,47260.296,49035.124,49266.145,55734.733,50597.266,47098.948,55005,50252.568,46959.602,44502.712,46303.209
Djibouti,DJI,CO2 emissions (kt),EN.ATM.CO2E.KT,44.004,47.671,66.006,84.341,121.011,139.346,88.008,121.011,84.341,139.346,161.348,190.684,179.683,194.351,198.018,198.018,198.018,201.685,363.033,348.365,300.694,348.365,348.365,355.699,374.034,385.035,396.036,366.7,407.037,399.703,399.703,414.371,429.039,429.039,429.039,436.373,440.04,410.704,443.707,403.37,385.035,399.703,407.037,458.375,473.043,487.711,487.711,524.381,531.715,539.049
Dominica,DMA,CO2 emissions (kt),EN.ATM.CO2E.KT,11.001,11.001,14.668,14.668,14.668,14.668,22.002,22.002,18.335,25.669,25.669,25.669,25.669,29.336,29.336,29.336,25.669,25.669,33.003,36.67,36.67,40.337,40.337,44.004,47.671,47.671,47.671,55.005,58.672,58.672,58.672,58.672,62.339,69.673,80.674,73.34,80.674,77.007,80.674,102.676,113.677,102.676,113.677,110.01,113.677,110.01,150.347,128.345,128.345,135.679
Dominican Republic,DOM,CO2 emissions (kt),EN.ATM.CO2E.KT,1030.427,1243.113,1250.447,1749.159,1547.474,1672.152,1569.476,2350.547,2654.908,3109.616,3523.987,4675.425,5966.209,6417.25,6340.243,6332.909,5614.177,5449.162,6809.619,6457.587,6167.894,6340.243,7913.386,7444.01,7293.663,8181.077,9754.22,9834.894,10366.609,9570.87,10135.588,11206.352,11939.752,12676.819,16105.464,17546.595,18239.658,18683.365,18870.382,20117.162,20234.506,21499.621,21888.323,18786.041,19651.453,20692.881,21429.948,21019.244,20322.514,20964.239
Ecuador,ECU,CO2 emissions (kt),EN.ATM.CO2E.KT,1646.483,1565.809,1796.83,2145.195,2277.207,2420.22,2592.569,3116.95,3593.66,4283.056,4224.384,4594.751,5262.145,6090.887,7363.336,8111.404,7484.347,10425.281,12167.106,13443.222,16692.184,19288.42,19556.111,21257.599,19431.433,15276.722,15115.374,17271.57,20267.509,16835.197,16486.832,22302.694,24187.532,13637.573,22812.407,23890.505,18276.328,22229.354,21272.267,20942.237,23446.798,24689.911,26523.411,28657.605,29908.052,29688.032,30758.796,29669.697,30472.77,32636.3
"Egypt, Arab Rep.",EGY,CO2 emissions (kt),EN.ATM.CO2E.KT,17088.22,18595.357,21554.626,25522.32,27641.846,26563.748,19677.122,22904.082,19695.457,21686.638,23047.095,25511.319,23795.163,26123.708,31099.827,34495.469,37865.442,39313.907,42947.904,45239.779,50978.634,56523.138,57091.523,63838.803,63937.812,74564.778,74810.467,74531.775,72181.228,75943.57,78715.822,81264.387,93156.468,85312.755,95723.368,102030.608,108202.169,122243.112,125393.065,141326.18,125451.737,127193.562,147963.45,150911.718,167207.866,178615.903,192381.821,196796.889,197871.32,204776.281
El Salvador,SLV,CO2 emissions (kt),EN.ATM.CO2E.KT,583.053,649.059,1125.769,1232.112,1041.428,1305.452,1158.772,1261.448,1191.775,1430.13,1510.804,1679.486,1969.179,1972.846,2108.525,2211.201,2288.208,2390.884,2390.884,2134.194,1833.5,1767.494,1903.173,1606.146,1987.514,1991.181,2449.556,2471.558,2588.902,2618.238,3230.627,3428.645,3890.687,4429.736,5280.48,4895.445,5760.857,5812.195,5698.518,5742.522,5947.874,6039.549,6552.929,6365.912,6453.92,6846.289,6897.627,6545.595,6475.922,6248.568
Equatorial Guinea,GNQ,CO2 emissions (kt),EN.ATM.CO2E.KT,22.002,22.002,25.669,25.669,29.336,25.669,25.669,29.336,44.004,36.67,66.006,88.008,29.336,51.338,62.339,62.339,62.339,69.673,62.339,58.672,69.673,73.34,62.339,80.674,66.006,80.674,99.009,106.343,117.344,121.011,201.685,216.353,102.676,36.67,132.012,117.344,293.36,168.682,473.043,454.708,3094.948,4979.786,6017.547,5218.141,4712.095,4752.432,4796.436,4503.076,4620.42,4679.092
Eritrea,ERI,CO2 emissions (kt),EN.ATM.CO2E.KT,,,,,,,,,,,,,,,,,,,,,,,,,,,,,,,,,,183.35,297.027,348.365,528.048,590.387,619.723,608.722,630.724,605.055,726.066,770.07,766.403,561.051,579.386,414.371,513.38,513.38
Estonia,EST,CO2 emissions (kt),EN.ATM.CO2E.KT,,,,,,,,,,,,,,,,,,,,,,,,,,,,,,,,23014.092,17751.947,17682.274,16134.8,17946.298,17546.595,16508.834,15287.723,15181.38,15595.751,14935.691,17051.55,17216.565,16780.192,16189.805,18844.713,17491.59,14745.007,18338.667
Ethiopia,ETH,CO2 emissions (kt),EN.ATM.CO2E.KT,341.031,396.036,421.705,407.037,645.392,825.075,1074.431,1727.157,1668.485,1653.817,1851.835,1408.128,1752.826,1738.158,1210.11,1177.107,1048.762,1371.458,1848.168,1822.499,1866.503,1481.468,1844.501,1664.818,1815.165,2214.868,2581.568,2673.243,2827.257,3017.941,2984.938,2966.603,3028.942,2977.604,2152.529,3729.339,4275.722,5027.457,5075.128,5830.53,4308.725,4481.074,4946.783,5243.81,5053.126,5419.826,5914.871,6369.579,6659.272,6494.257
Faeroe Islands,FRO,CO2 emissions (kt),EN.ATM.CO2E.KT,113.677,117.344,124.678,121.011,135.679,139.346,168.682,183.35,212.686,256.69,260.357,234.688,253.023,300.694,348.365,330.03,407.037,399.703,480.377,421.705,440.04,458.375,487.711,498.712,517.047,491.378,498.712,528.048,579.386,623.39,594.054,656.393,707.731,623.39,722.399,638.058,630.724,660.06,667.394,711.398,792.072,762.736,777.404,795.739,766.403,766.403,773.737,718.732,667.394,711.398
Fiji,FJI,CO2 emissions (kt),EN.ATM.CO2E.KT,168.682,231.021,242.022,425.372,344.698,322.696,355.699,396.036,432.706,520.714,550.05,579.386,630.724,671.061,623.39,484.044,766.403,711.398,839.743,795.739,1081.765,839.743,715.065,583.053,579.386,605.055,476.71,553.717,630.724,817.741,674.728,722.399,762.736,817.741,869.079,894.748,737.067,704.064,803.073,865.412,1114.768,836.076,861.745,1133.103,1364.124,1360.457,1202.776,1078.098,847.077,1290.784
Finland,FIN,CO2 emissions (kt),EN.ATM.CO2E.KT,14939.358,16809.528,19358.093,22852.744,25327.969,29519.35,28617.268,33314.695,37935.115,40395.672,40582.689,44161.681,49387.156,46680.91,46101.524,51279.328,50219.565,51913.719,54333.939,58246.628,51510.349,43083.583,41576.446,42254.841,49665.848,53329.181,57656.241,52185.077,52584.78,51745.037,53747.219,47858.017,50567.93,57498.56,52826.802,61282.904,59992.12,56988.847,55423.038,52141.073,56424.129,61077.552,68888.262,67091.432,54645.634,66196.684,63981.816,56592.811,53167.833,61843.955
France,FRA,CO2 emissions (kt),EN.ATM.CO2E.KT,281211.229,298706.486,334019.696,345303.055,351852.317,347235.564,372009.816,384631.63,413259.899,439013.24,462434.369,480729.032,516599.626,499071.366,446919.292,505602.293,480857.377,505858.983,529155.434,505363.938,454700.666,436893.714,422603.415,405342.846,400880.107,385614.386,377491.981,372207.834,390649.177,399028.272,427667.542,397037.091,389105.37,369457.584,393289.417,408126.099,379486.829,409094.187,371309.419,365559.563,385827.072,380839.952,387590.899,390102.794,392071.973,382581.777,375882.168,372563.533,356923.778,361272.84
French Polynesia,PYF,CO2 emissions (kt),EN.ATM.CO2E.KT,58.672,47.671,66.006,66.006,84.341,121.011,139.346,154.014,161.348,194.351,227.354,216.353,209.019,216.353,212.686,264.024,275.025,311.695,282.359,293.36,330.03,337.364,421.705,458.375,586.72,605.055,608.722,572.052,608.722,630.724,638.058,645.392,616.056,539.049,572.052,579.386,597.721,594.054,583.053,630.724,737.067,737.067,799.406,788.405,850.744,850.744,843.41,869.079,872.746,883.747
Gabon,GAB,CO2 emissions (kt),EN.ATM.CO2E.KT,165.015,88.008,73.34,190.684,216.353,381.368,1012.092,1961.845,1433.797,2082.856,2845.592,2739.249,5313.483,5452.829,5368.488,5709.519,6314.574,7561.354,6754.614,6633.603,6574.931,6556.596,5518.835,5995.545,6318.241,4968.785,4022.699,4334.394,5771.858,4844.107,1477.801,2130.527,3281.965,3351.638,3857.684,3534.988,3545.989,1631.815,1437.464,1052.429,1782.162,1778.495,1334.788,1767.494,2086.523,1976.513,2332.212,1565.809,80.674,2574.234
"Gambia, The",GMB,CO2 emissions (kt),EN.ATM.CO2E.KT,22.002,25.669,29.336,29.336,29.336,33.003,33.003,36.67,47.671,47.671,55.005,66.006,62.339,62.339,99.009,99.009,113.677,139.346,146.68,157.681,157.681,161.348,161.348,172.349,172.349,161.348,179.683,183.35,179.683,190.684,198.018,198.018,209.019,209.019,216.353,216.353,216.353,234.688,256.69,275.025,282.359,315.362,315.362,322.696,322.696,337.364,396.036,410.704,436.373,473.043
Georgia,GEO,CO2 emissions (kt),EN.ATM.CO2E.KT,,,,,,,,,,,,,,,,,,,,,,,,,,,,,,,,15335.394,9952.238,6083.553,2302.876,4066.703,4437.07,4961.451,4345.395,4536.079,3769.676,3388.308,3773.343,4323.393,5067.794,6149.559,6189.896,6237.567,6057.884,6241.234
Germany,DEU,CO2 emissions (kt),EN.ATM.CO2E.KT,,,,,,,,,,,,,,,,,,,,,,,,,,,,,,,929973.202,891975.748,877645.112,865558.68,864110.215,889614.2,862276.715,855364.42,822460.429,829977.779,853662.932,828771.336,833406.424,825896.408,806703.33,808859.526,784015.601,783359.208,732248.562,745383.756
Ghana,GHA,CO2 emissions (kt),EN.ATM.CO2E.KT,1345.789,1433.797,1723.49,1650.15,1705.155,1441.131,1496.136,1763.827,1690.487,2625.572,2295.542,2423.887,2475.225,2937.267,2746.583,2434.888,3003.273,2970.27,2658.575,2559.566,3047.277,3043.61,3655.999,2581.568,3325.969,3047.277,3285.632,3450.647,3344.304,3931.024,4044.701,4096.039,4664.424,5071.461,5427.16,5757.19,6395.248,6402.582,6549.262,6288.905,6919.629,7436.676,7631.027,7348.668,6956.299,9288.511,9578.204,8529.442,7444.01,8998.818
Greece,GRC,CO2 emissions (kt),EN.ATM.CO2E.KT,9823.893,10164.924,12258.781,13223.202,17025.881,18650.362,19534.109,22321.029,25474.649,24165.53,27814.195,31572.87,37256.72,36218.959,38873.867,42911.234,46999.939,48081.704,51293.996,51429.675,50721.944,52148.407,55544.049,57054.853,60600.842,59130.375,63472.103,67989.847,74183.41,72723.944,67615.813,75503.53,75646.543,78363.79,79185.198,80395.308,84572.021,87809.982,86636.542,91616.328,93805.527,93669.848,95738.036,97149.831,98675.303,97285.51,98246.264,97809.891,94901.96,86717.216
Greenland,GRL,CO2 emissions (kt),EN.ATM.CO2E.KT,293.36,264.024,330.03,315.362,344.698,388.702,418.038,542.716,407.037,381.368,469.376,553.717,557.384,557.384,506.046,220.02,722.399,392.369,572.052,564.718,528.048,517.047,363.033,568.385,509.713,326.363,234.688,546.383,473.043,557.384,550.05,484.044,502.379,506.046,506.046,517.047,524.381,531.715,542.716,531.715,539.049,539.049,531.715,583.053,608.722,627.057,616.056,638.058,557.384,634.391
Grenada,GRD,CO2 emissions (kt),EN.ATM.CO2E.KT,18.335,25.669,14.668,22.002,22.002,29.336,36.67,40.337,47.671,44.004,47.671,47.671,55.005,36.67,47.671,47.671,47.671,51.338,47.671,47.671,58.672,62.339,62.339,62.339,62.339,66.006,73.34,95.342,102.676,110.01,113.677,121.011,124.678,146.68,157.681,161.348,176.016,176.016,194.351,190.684,194.351,205.352,216.353,205.352,216.353,231.021,238.355,260.357,253.023,260.357
Guam,GUM,CO2 emissions (kt),EN.ATM.CO2E.KT,,,,,,,,,,,,,,,,,,,,,,,,,,,,,,,,,,,,,,,,,,,,,,,,,,
Guatemala,GTM,CO2 emissions (kt),EN.ATM.CO2E.KT,1408.128,1382.459,1521.805,1771.161,1976.513,1741.825,1983.847,2141.528,2280.874,2299.209,2442.222,2709.913,2937.267,3069.279,3523.987,3311.301,3813.68,4129.042,4693.76,4510.41,3967.694,3626.663,3179.289,3421.311,3523.987,3700.003,3993.363,4125.375,4246.386,5086.129,5053.126,6017.547,5658.181,6838.955,7165.318,6651.938,7598.024,8753.129,8929.145,9915.568,10626.966,11096.342,10502.288,11620.723,12453.132,12526.472,12636.482,11441.04,11844.41,11118.344
Guinea,GIN,CO2 emissions (kt),EN.ATM.CO2E.KT,616.056,660.06,696.73,700.397,696.73,718.732,726.066,748.068,748.068,792.072,814.074,832.409,803.073,839.743,843.41,887.414,902.082,902.082,946.086,964.421,990.09,982.756,953.42,979.089,993.757,997.424,993.757,1026.76,1045.095,1056.096,1074.431,1074.431,1103.767,1228.445,1250.447,1272.449,1279.783,1243.113,1272.449,1279.783,1298.118,1323.787,1342.122,1342.122,1180.774,1180.774,1210.11,1213.777,1228.445,1235.779
Guinea-Bissau,GNB,CO2 emissions (kt),EN.ATM.CO2E.KT,29.336,40.337,47.671,58.672,66.006,66.006,47.671,62.339,58.672,69.673,73.34,66.006,110.01,102.676,113.677,95.342,102.676,102.676,110.01,146.68,143.013,143.013,143.013,161.348,172.349,183.35,194.351,216.353,231.021,253.023,256.69,260.357,278.692,278.692,282.359,286.026,264.024,172.349,194.351,146.68,150.347,154.014,194.351,201.685,212.686,216.353,231.021,227.354,234.688,238.355
Guyana,GUY,CO2 emissions (kt),EN.ATM.CO2E.KT,737.067,678.395,616.056,649.059,1078.098,1180.774,1323.787,1331.121,1367.791,1580.477,1499.803,1562.142,1804.164,1554.808,1826.166,1752.826,1899.506,2057.187,1521.805,1789.496,1800.497,1404.461,1246.78,1404.461,1419.129,1045.095,1309.119,1404.461,1195.442,1140.437,1122.102,1052.429,1056.096,1334.788,1481.468,1529.139,1602.479,1653.817,1683.153,1609.813,1595.145,1580.477,1565.809,1628.148,1433.797,1290.784,1565.809,1558.475,1554.808,1701.488
Haiti,HTI,CO2 emissions (kt),EN.ATM.CO2E.KT,297.027,304.361,249.356,300.694,304.361,304.361,260.357,264.024,315.362,385.035,403.37,392.369,421.705,473.043,484.044,674.728,707.731,755.402,755.402,751.735,766.403,825.075,894.748,913.083,942.419,843.41,913.083,1023.093,1037.761,993.757,997.424,909.416,663.727,300.694,942.419,1092.766,1422.796,1232.112,1331.121,1367.791,1569.476,1826.166,1734.491,1987.514,2075.522,2112.192,2390.884,2427.554,2262.539,2119.526
Honduras,HND,CO2 emissions (kt),EN.ATM.CO2E.KT,737.067,700.397,711.398,722.399,751.735,806.74,876.413,1224.778,1177.107,1389.793,1331.121,1536.473,1510.804,1558.475,1668.485,1778.495,2002.182,2049.853,1932.509,2057.187,1822.499,1763.827,2002.182,1987.514,1906.84,1848.168,2174.531,2504.561,2728.248,2592.569,2698.912,3076.613,2849.259,3336.97,3879.686,3960.36,4158.378,4649.756,4741.431,5031.124,5713.186,6090.887,6769.282,7367.003,7554.02,7007.637,8778.798,8672.455,7865.715,8107.737
"Hong Kong SAR, China",HKG,CO2 emissions (kt),EN.ATM.CO2E.KT,3373.64,3685.335,4250.053,4224.384,4807.437,5166.803,6057.884,6204.564,7759.372,8401.097,9160.166,9284.844,9295.845,10678.304,11019.335,12508.137,14231.627,15753.432,15885.444,16662.848,18690.699,19702.791,21015.577,22346.698,23014.092,25698.336,28272.57,29482.68,30348.092,27660.181,28892.293,33428.372,35129.86,31429.857,31620.541,29365.336,30854.138,39233.233,42753.553,40465.345,37971.785,36952.359,40065.642,38415.492,40546.019,38554.838,39962.966,38573.173,36996.363,36288.632
Hungary,HUN,CO2 emissions (kt),EN.ATM.CO2E.KT,48976.452,50560.596,56281.116,62401.339,61293.905,61733.945,58829.681,61154.559,62419.674,70003.03,69280.631,69430.978,73068.642,74102.736,75389.853,80013.94,83204.23,88187.683,86229.505,86860.229,86618.207,86871.23,89137.436,90853.592,86104.827,83537.927,84436.342,78264.781,76090.25,62955.056,63435.433,58705.003,60116.798,58074.279,60058.126,62698.366,61807.285,60776.858,60362.487,57238.203,57021.85,56094.099,59071.703,57351.88,57916.598,57234.536,55859.411,54656.635,48675.758,50582.598
Iceland,ISL,CO2 emissions (kt),EN.ATM.CO2E.KT,1092.766,1199.109,1305.452,1309.119,1397.127,1496.136,1444.798,1595.145,1265.115,1389.793,1474.134,1485.135,1752.826,1741.825,1617.147,1705.155,1906.84,1925.175,1987.514,1866.503,1752.826,1598.812,1547.474,1815.165,1628.148,1785.829,1851.835,1848.168,1903.173,1991.181,1767.494,1829.833,1991.181,2009.516,1947.177,2211.201,2104.858,2101.191,2068.188,2163.53,2101.191,2170.864,2167.197,2233.203,2203.867,2277.207,2310.21,2119.526,2053.52,1961.845
India,IND,CO2 emissions (kt),EN.ATM.CO2E.KT,130402.187,143467.708,154083.673,150647.694,165972.087,171765.947,172238.99,187336.029,190724.337,195143.072,205869.047,217849.136,224343.393,231992.755,252201.592,263785.645,315681.029,318035.243,331940.507,348581.353,374822.405,398419.55,432320.965,447109.976,490464.917,525862.468,561560.713,606298.113,662945.929,690576.774,737851.738,783634.233,814297.687,864931.623,920046.633,1002224.103,1043939.895,1071911.771,1144390.026,1186663.202,1203843.097,1226791.183,1281913.527,1348524.582,1411127.606,1504364.748,1611404.478,1811288.981,1982262.856,2008822.937
Indonesia,IDN,CO2 emissions (kt),EN.ATM.CO2E.KT,26024.699,22995.757,22783.071,22394.369,24689.911,23395.46,24561.566,27586.841,33391.702,35822.923,38987.544,43340.273,49134.133,51260.993,53963.572,61810.952,82434.16,93933.872,95096.311,94784.616,100160.438,105407.915,104956.874,112184.531,121245.688,121740.733,123372.548,132162.347,130966.905,149565.929,179730.671,202576.081,218600.871,221413.46,224941.114,253290.691,278658.997,210210.775,241988.997,263418.945,294907.474,306737.216,316792.13,337635.358,341991.754,345119.705,375544.804,412387.153,453105.521,433989.45
"Iran, Islamic Rep.",IRN,CO2 emissions (kt),EN.ATM.CO2E.KT,36541.655,37462.072,41341.758,47560.99,53765.554,64161.499,67942.176,82404.824,83116.222,92019.698,101883.928,106394.338,129899.808,144256.113,139646.694,156910.93,164237.596,162587.446,164138.587,121014.667,112987.604,138146.891,149914.294,150812.709,160929.962,148568.505,159741.854,176283.691,191344.06,211134.859,228036.062,229073.823,237768.28,265824.497,273528.864,276726.488,269979.208,309230.776,382713.789,372702.879,398826.587,402178.225,418859.408,447480.343,469328.329,509889.016,539789.734,570574.199,577482.827,571611.96
Iraq,IRQ,CO2 emissions (kt),EN.ATM.CO2E.KT,8720.126,9031.821,9394.854,9075.825,19314.089,27704.185,18393.672,19717.459,22625.39,23908.84,28862.957,29552.353,30645.119,30942.146,33157.014,48800.436,43710.64,42317.18,52991.817,45558.808,32122.92,30623.117,38749.189,40204.988,44675.061,47751.674,52881.807,67927.508,73251.992,52555.444,47421.644,61671.606,66801.739,75045.155,77901.748,69500.651,68308.876,72371.912,72283.904,72445.252,85342.091,87259.932,91117.616,114084.037,114769.766,99544.382,62834.045,94443.585,106651.028,114667.09
Ireland,IRL,CO2 emissions (kt),EN.ATM.CO2E.KT,12365.124,13120.526,13461.557,14231.627,13732.915,15111.707,16413.492,17821.62,18514.683,19413.098,22497.045,22053.338,22860.078,23303.785,22053.338,22295.36,23567.809,23571.476,27388.823,26255.72,26039.367,25547.989,25709.337,25529.654,26725.096,28525.593,30197.745,29842.046,30018.062,31407.855,31283.177,31323.514,31246.507,32698.639,32874.655,35613.904,36512.319,38217.474,40182.986,41345.425,44150.68,43761.978,43336.606,43956.329,43534.624,43457.617,44583.386,43021.244,40623.026,39999.636
Isle of Man,IMN,CO2 emissions (kt),EN.ATM.CO2E.KT,,,,,,,,,,,,,,,,,,,,,,,,,,,,,,,,,,,,,,,,,,,,,,,,,,
Israel,ISR,CO2 emissions (kt),EN.ATM.CO2E.KT,7069.976,7942.722,8210.413,9149.165,12944.51,13597.236,13542.231,13809.922,14818.347,16578.507,16248.477,16934.206,19310.422,19446.101,19647.786,19611.116,19893.475,21176.925,21019.244,21147.589,21213.595,24081.189,23938.176,23743.825,24869.594,26626.087,27385.156,30051.065,31756.22,33534.715,34315.786,41499.439,45148.104,47120.95,54234.93,54399.945,63402.43,62779.04,62155.65,62691.032,65749.31,63145.74,65122.253,63200.745,60245.143,65976.664,66424.038,70938.115,67029.093,70655.756
Italy,ITA,CO2 emissions (kt),EN.ATM.CO2E.KT,124549.655,146456.313,164780.312,175957.328,189767.25,214248.142,234427.643,249495.346,270008.544,296740.974,311588.657,328970.237,354320.208,359406.337,342310.783,367312.389,356175.71,373234.594,387466.221,388969.691,378020.029,369681.271,361364.515,367649.753,372134.494,366454.311,383670.876,389780.098,408907.17,417550.289,423802.524,420535.227,411917.777,407378.031,430307.782,432236.624,436662.693,445305.812,440150.01,451440.703,450347.937,452632.478,468349.24,472767.975,473380.364,469346.664,462676.391,447186.983,401591.505,406307.267
Jamaica,JAM,CO2 emissions (kt),EN.ATM.CO2E.KT,2130.527,2119.526,2398.218,4066.703,2992.272,3520.32,3868.685,3883.353,4272.055,4994.454,5753.523,6288.905,8298.421,7601.691,8188.411,7282.662,7447.677,9119.829,8536.776,8452.435,7414.674,6219.232,6450.253,5144.801,5045.792,4550.747,5383.156,4528.745,6728.945,7964.724,8173.743,8096.736,8415.765,8632.118,9702.882,10197.927,10630.633,9728.551,9772.555,10318.938,10626.966,10300.603,10722.308,10714.974,10645.301,12020.426,13479.892,11947.086,8591.781,7157.984
Japan,JPN,CO2 emissions (kt),EN.ATM.CO2E.KT,283118.069,293220.654,325222.563,359318.329,386919.838,419743.155,489881.864,562565.471,653958.112,768823.22,797543.164,853373.239,915748.909,915873.587,870072.757,908902.62,935213.345,903886.164,955620.2,947571.135,929606.502,900200.829,883838.675,940130.792,915396.877,915327.204,905726.998,989081.575,1025549.89,1094834.188,1100525.372,1123572.467,1108563.436,1174026.72,1183945.955,1205610.591,1201631.896,1159065.36,1198041.903,1219589.195,1202266.287,1216750.937,1237429.15,1259654.837,1238180.885,1231301.593,1251136.396,1206916.043,1100650.05,1170715.419
Jordan,JOR,CO2 emissions (kt),EN.ATM.CO2E.KT,979.089,1048.762,1221.111,1243.113,1422.796,1584.144,1415.462,1507.137,1760.16,1558.475,1657.484,1917.841,2203.867,2229.536,2493.56,2951.935,3164.621,3641.331,3795.345,4726.763,5863.533,6292.572,7363.336,8353.426,8540.443,9281.177,9662.545,9314.18,9233.506,10403.279,9798.224,12266.115,12101.1,13633.906,13556.899,14187.623,14418.644,14543.322,14568.991,15507.743,16002.788,16886.535,17469.588,19240.749,21026.578,20733.218,21539.958,20762.554,21253.932,20821.226
Kazakhstan,KAZ,CO2 emissions (kt),EN.ATM.CO2E.KT,,,,,,,,,,,,,,,,,,,,,,,,,,,,,,,,261306.753,221105.432,199488.467,166731.156,140691.789,129580.779,125063.035,116493.256,127769.281,147908.445,151945.812,153815.982,172158.316,176947.418,192532.168,220313.36,230437.947,214086.794,248728.943
Kenya,KEN,CO2 emissions (kt),EN.ATM.CO2E.KT,2401.885,2625.572,2856.593,2827.257,2467.891,2684.244,2702.579,2819.923,3131.618,3083.947,3685.335,3872.352,3920.023,4950.45,4976.119,4609.419,5056.793,5324.484,5038.458,6197.23,6527.26,4693.76,4660.757,4319.726,3769.676,4162.045,5174.137,4789.102,5192.472,5823.196,4840.44,5540.837,6347.577,6556.596,7554.02,9328.848,8265.418,10036.579,10172.258,10417.947,9369.185,7968.391,6754.614,7623.693,8562.445,9574.537,9831.227,10241.931,12350.456,12427.463
Kiribati,KIR,CO2 emissions (kt),EN.ATM.CO2E.KT,7.334,11.001,18.335,18.335,11.001,11.001,22.002,33.003,11.001,22.002,29.336,25.669,36.67,33.003,33.003,33.003,22.002,22.002,25.669,29.336,29.336,25.669,22.002,22.002,22.002,18.335,22.002,22.002,22.002,22.002,22.002,22.002,22.002,22.002,22.002,36.67,29.336,33.003,29.336,33.003,25.669,40.337,40.337,44.004,62.339,69.673,51.338,55.005,40.337,62.339
"Korea, Dem. Rep.",PRK,CO2 emissions (kt),EN.ATM.CO2E.KT,,,,,,,,,,,,,,,,,,118737.46,120875.321,125011.697,125404.066,128062.641,137299.814,147805.769,158443.736,172187.652,192807.193,220856.076,234420.309,244834.589,251145.496,255413.884,262139.162,259641.935,259348.575,256682.666,234688,64927.902,71095.796,76698.972,79474.891,76108.585,77777.07,79482.225,83013.546,84557.353,70369.73,78081.431,74685.789,71623.844
"Korea, Rep.",KOR,CO2 emissions (kt),EN.ATM.CO2E.KT,14462.648,17278.904,21103.585,22218.353,25005.273,30014.395,35151.862,37242.052,42522.532,53783.889,58616.995,60336.818,73094.311,75686.88,81829.105,93306.815,105712.276,113405.642,133211.109,134868.593,139742.036,141905.566,150904.384,163911.233,178333.544,182451.585,192660.513,221959.843,235846.772,246943.114,261482.769,284280.508,321951.599,344037.94,374771.067,403718.365,430007.088,364822.496,399846.013,447561.017,450193.923,465631.993,466215.046,482276.506,462918.413,470806.13,495837.072,508051.849,509375.636,567567.259
Kosovo,KSV,CO2 emissions (kt),EN.ATM.CO2E.KT,,,,,,,,,,,,,,,,,,,,,,,,,,,,,,,,,,,,,,,,,,,,,,,,,,
Kuwait,KWT,CO2 emissions (kt),EN.ATM.CO2E.KT,9981.574,14290.299,17025.881,25335.303,35419.553,35151.862,25441.646,22442.04,26831.439,25041.943,27139.467,27634.512,24242.537,19328.757,16827.863,18474.346,17220.232,21000.909,17667.606,24675.243,25214.292,21169.591,21609.631,28367.912,29159.984,35320.544,31470.194,32914.992,35885.262,48312.725,10190.593,21085.25,33274.358,38906.87,54821.65,50153.559,54920.659,51745.037,54022.244,55181.016,55122.344,52753.462,61656.938,63534.442,71546.837,73769.039,75235.839,79958.935,81869.442,93695.517
Kyrgyz Republic,KGZ,CO2 emissions (kt),EN.ATM.CO2E.KT,,,,,,,,,,,,,,,,,,,,,,,,,,,,,,,,10861.654,8305.755,6050.55,4437.07,5588.508,5482.165,5823.196,4561.748,4528.745,3780.677,4847.774,5328.151,5698.518,5232.809,5144.801,5870.867,5680.183,6479.589,6398.915
Lao PDR,LAO,CO2 emissions (kt),EN.ATM.CO2E.KT,113.677,132.012,146.68,172.349,179.683,234.688,319.029,168.682,319.029,572.052,421.705,487.711,517.047,293.36,253.023,223.687,231.021,231.021,223.687,187.017,150.347,157.681,179.683,183.35,201.685,209.019,209.019,209.019,234.688,234.688,253.023,278.692,278.692,300.694,377.701,506.046,638.058,718.732,957.087,971.755,902.082,1177.107,1129.436,1422.796,1433.797,1580.477,1668.485,1741.825,1811.498,1873.837
Latvia,LVA,CO2 emissions (kt),EN.ATM.CO2E.KT,,,,,,,,,,,,,,,,,,,,,,,,,,,,,,,,13538.564,12108.434,11316.362,9640.543,9493.863,8364.427,8071.067,6827.954,6241.234,6853.623,6651.938,7088.311,7132.315,7176.319,7583.356,7928.054,7590.69,6824.287,7616.359
Lebanon,LBN,CO2 emissions (kt),EN.ATM.CO2E.KT,2651.241,2827.257,3003.273,3263.63,3303.967,3578.992,3512.986,3630.33,4250.053,3905.355,5317.15,5713.186,7161.651,7220.323,6431.918,6123.89,5570.173,5713.186,6153.226,6178.895,6351.244,6112.889,7319.332,7051.641,8056.399,7759.372,7964.724,7656.696,8049.065,9097.827,9497.53,11356.699,11657.393,12742.825,13619.238,13798.921,15647.089,16178.804,16600.509,15353.729,16208.14,16039.458,18221.323,16835.197,16244.81,14499.318,14972.361,16655.514,20916.568,20403.188
Lesotho,LSO,CO2 emissions (kt),EN.ATM.CO2E.KT,,,,,,,,,,,,,,,,,,,,,,,,,,,,,,,,,,,,,,,,,,,,,,,7.334,18.335,25.669,18.335
Liberia,LBR,CO2 emissions (kt),EN.ATM.CO2E.KT,161.348,253.023,355.699,484.044,557.384,612.389,612.389,883.747,1272.449,1452.132,1525.472,1507.137,1481.468,1723.49,1485.135,1477.801,1474.134,1507.137,1947.177,2042.519,1939.843,601.388,711.398,700.397,722.399,729.733,766.403,817.741,667.394,484.044,286.026,289.693,322.696,319.029,333.697,344.698,355.699,388.702,407.037,436.373,502.379,502.379,531.715,627.057,740.734,759.069,678.395,575.719,528.048,799.406
Libya,LBY,CO2 emissions (kt),EN.ATM.CO2E.KT,1195.442,1048.762,1463.133,663.727,1015.759,2629.239,18507.349,30139.073,35551.565,32331.939,21646.301,15232.718,14587.326,9347.183,11580.386,17916.962,20106.161,21239.264,26032.033,26904.779,28811.619,30762.463,30414.098,28624.602,31418.856,34059.096,32566.627,36398.642,37322.726,36780.01,42863.563,37260.387,38947.207,44132.345,46020.85,44158.014,44975.755,45474.467,44620.056,47113.616,48100.039,47832.348,49167.136,50358.911,52108.07,53787.556,54209.261,60391.823,67674.485,59035.033
Liechtenstein,LIE,CO2 emissions (kt),EN.ATM.CO2E.KT,,,,,,,,,,,,,,,,,,,,,,,,,,,,,,,,,,,,,,,,,,,,,,,,,,
Lithuania,LTU,CO2 emissions (kt),EN.ATM.CO2E.KT,,,,,,,,,,,,,,,,,,,,,,,,,,,,,,,,22148.68,17495.257,17359.578,16204.473,15731.43,15339.061,16197.139,13692.578,12200.109,12918.841,13212.201,12915.174,13329.545,13993.272,14293.966,15137.376,15115.374,12577.81,13560.566
Luxembourg,LUX,CO2 emissions (kt),EN.ATM.CO2E.KT,11591.387,11551.05,11448.374,12306.452,12203.776,11620.723,11360.366,12269.782,13193.866,13747.583,13201.2,13494.56,14169.288,14411.31,11844.41,11840.743,10927.66,11848.077,12123.102,11026.669,9427.857,8859.472,8291.087,8929.145,9167.5,9009.819,8657.787,8929.145,9658.878,10003.576,10612.298,10564.627,10788.314,10190.593,8316.756,8437.767,7939.055,7356.002,7686.032,8239.749,8800.8,9416.856,9904.567,11268.691,11543.716,11356.699,10868.988,10791.981,10249.265,10828.651
"Macao SAR, China",MAC,CO2 emissions (kt),EN.ATM.CO2E.KT,69.673,95.342,106.343,128.345,132.012,150.347,165.015,168.682,168.682,205.352,227.354,231.021,223.687,267.691,297.027,253.023,308.028,414.371,414.371,528.048,535.382,484.044,682.062,605.055,733.4,876.413,971.755,964.421,1030.427,1034.094,1092.766,1085.432,1188.108,1283.45,1243.113,1415.462,1499.803,1565.809,1532.806,1635.482,1686.82,1525.472,1536.473,1727.157,1837.167,1631.815,1404.461,1191.775,1301.785,1030.427
"Macedonia, FYR",MKD,CO2 emissions (kt),EN.ATM.CO2E.KT,,,,,,,,,,,,,,,,,,,,,,,,,,,,,,,,10777.313,10340.94,10469.285,10839.652,11741.734,10634.3,12625.481,11723.399,12064.43,11998.424,10934.994,11309.028,11191.684,11279.692,10938.661,11378.701,11848.077,11408.037,10872.655
Madagascar,MDG,CO2 emissions (kt),EN.ATM.CO2E.KT,355.699,396.036,462.042,484.044,557.384,579.386,843.41,913.083,850.744,971.755,1026.76,1287.117,1074.431,1188.108,1694.154,993.757,847.077,1019.426,1122.102,1613.48,1026.76,1012.092,663.727,960.754,1081.765,1177.107,1327.454,1327.454,968.088,986.423,1074.431,1045.095,1070.764,1316.453,1312.786,1411.795,1701.488,1738.158,1925.175,1873.837,1741.825,1235.779,1701.488,1807.831,1741.825,1683.153,1815.165,1943.51,1822.499,2013.183
Malawi,MWI,CO2 emissions (kt),EN.ATM.CO2E.KT,,,,330.03,348.365,429.039,366.7,388.702,381.368,454.708,502.379,546.383,572.052,550.05,579.386,583.053,638.058,671.061,638.058,711.398,605.055,594.054,575.719,557.384,557.384,553.717,546.383,542.716,564.718,612.389,660.06,656.393,693.063,718.732,729.733,711.398,759.069,828.742,997.424,905.749,905.749,883.747,957.087,975.422,916.75,953.42,953.42,1155.105,1059.763,1239.446
Malaysia,MYS,CO2 emissions (kt),EN.ATM.CO2E.KT,,,,,,,,,,14601.994,16677.516,17913.295,17513.592,19050.065,19446.101,23894.172,22610.722,23237.779,27278.813,27997.545,30824.802,30571.779,37971.785,34697.154,36237.294,39984.968,40762.372,42724.217,49882.201,56592.811,68591.235,75298.178,91722.671,94010.879,121132.011,125374.73,124821.013,114186.713,107934.478,126603.175,136716.761,135128.95,160266.235,167332.544,177372.79,170647.512,205307.996,213221.382,203881.533,216804.041
Maldives,MDV,CO2 emissions (kt),EN.ATM.CO2E.KT,,,,,,,,,,,3.667,3.667,3.667,3.667,7.334,11.001,14.668,22.002,29.336,44.004,47.671,47.671,51.338,58.672,66.006,80.674,80.674,95.342,124.678,154.014,172.349,253.023,216.353,220.02,275.025,319.029,366.7,333.697,465.709,498.712,575.719,689.396,597.721,777.404,700.397,887.414,916.75,1008.425,1067.097,1074.431
Mali,MLI,CO2 emissions (kt),EN.ATM.CO2E.KT,117.344,139.346,176.016,176.016,198.018,190.684,223.687,198.018,161.348,201.685,227.354,245.689,267.691,304.361,341.031,341.031,414.371,396.036,429.039,392.369,396.036,366.7,418.038,436.373,407.037,381.368,359.366,385.035,418.038,421.705,436.373,443.707,454.708,462.042,469.376,487.711,524.381,517.047,539.049,542.716,546.383,553.717,539.049,564.718,568.385,568.385,579.386,594.054,612.389,623.39
Malta,MLT,CO2 emissions (kt),EN.ATM.CO2E.KT,293.36,330.03,410.704,498.712,473.043,414.371,520.714,638.058,652.726,663.727,660.06,839.743,806.74,744.401,667.394,762.736,803.073,935.085,905.749,1023.093,1144.104,1312.786,997.424,1364.124,1199.109,1485.135,1855.502,2013.183,2170.864,2178.198,2075.522,2042.519,2669.576,2438.555,2126.86,2247.871,2522.896,2145.195,2346.88,2064.521,2486.226,2299.209,2581.568,2574.234,2698.912,2574.234,2724.581,2559.566,2497.227,2588.902
Marshall Islands,MHL,CO2 emissions (kt),EN.ATM.CO2E.KT,,,,,,,,,,,,,,,,,,,,,,,,,,,,,,47.671,51.338,55.005,62.339,66.006,66.006,66.006,66.006,69.673,66.006,77.007,80.674,84.341,84.341,88.008,84.341,91.675,99.009,99.009,102.676,102.676
Mauritania,MRT,CO2 emissions (kt),EN.ATM.CO2E.KT,47.671,62.339,88.008,117.344,161.348,179.683,198.018,234.688,275.025,429.039,399.703,447.374,469.376,484.044,509.713,517.047,557.384,583.053,605.055,630.724,663.727,883.747,935.085,865.412,656.393,374.034,3285.632,3230.627,2849.259,2665.909,2750.25,2944.601,2962.936,3124.284,2984.938,2999.606,2999.606,1111.101,1199.109,1235.779,1349.456,1433.797,1474.134,1631.815,1675.819,1675.819,1914.174,2020.517,2211.201,2214.868
Mauritius,MUS,CO2 emissions (kt),EN.ATM.CO2E.KT,187.017,253.023,209.019,308.028,304.361,275.025,498.712,638.058,572.052,498.712,396.036,689.396,678.395,693.063,590.387,619.723,641.725,630.724,660.06,590.387,542.716,502.379,597.721,627.057,707.731,799.406,931.418,854.411,1052.429,1463.133,1521.805,1708.822,1774.828,1624.481,1829.833,1950.844,1998.515,2196.533,2467.891,2768.585,2966.603,2981.271,3146.286,3193.957,3410.31,3777.01,3887.02,3953.026,3865.018,4118.041
Mexico,MEX,CO2 emissions (kt),EN.ATM.CO2E.KT,65305.603,63809.467,66361.699,74278.752,75246.84,80930.69,90101.857,93988.877,102287.298,114073.036,126339.151,132459.374,144292.783,155007.757,164472.284,184138.405,192847.53,222649.239,240874.229,268453.736,284529.864,304837.71,278442.644,277624.903,288501.225,294559.109,307356.939,307067.246,361877.895,314415.914,326344.665,328471.525,330334.361,347983.632,328038.819,340814.647,358383.244,373410.61,381848.377,381518.347,394800.221,391250.565,405632.539,410744.337,435045.546,441796.493,455844.77,471444.188,446237.23,443673.997
Mexico and Central America,MCA,CO2 emissions (kt),EN.ATM.CO2E.KT,,,,,,,,,,,,,,,,,,,,,,,,,,,,,,,,,,,,,,,,,,,,,,,,,,
"Micronesia, Fed. Sts.",FSM,CO2 emissions (kt),EN.ATM.CO2E.KT,,,,,,,,,,,,,,,,,,,,,,,,,,,,,,,,,,,,,77.007,80.674,117.344,135.679,176.016,146.68,146.68,146.68,117.344,102.676,99.009,99.009,99.009,102.676
Moldova,MDA,CO2 emissions (kt),EN.ATM.CO2E.KT,,,,,,,,,,,,,,,,,,,,,,,,,,,,,,,,20971.573,15628.754,12090.099,11191.684,11521.714,7099.312,6270.57,4503.076,3512.986,3714.671,3986.029,4290.39,4554.414,4895.445,4994.454,4686.426,4774.434,4547.08,4855.108
Monaco,MCO,CO2 emissions (kt),EN.ATM.CO2E.KT,,,,,,,,,,,,,,,,,,,,,,,,,,,,,,,,,,,,,,,,,,,,,,,,,,
Mongolia,MNG,CO2 emissions (kt),EN.ATM.CO2E.KT,1393.46,1972.846,1602.479,2046.186,1958.178,1954.511,2152.529,2482.559,2684.244,2849.259,3036.276,3281.965,3479.983,3751.341,4066.703,4404.067,4972.452,5782.859,6299.906,6879.292,6644.604,6761.948,6996.636,6450.253,9028.154,9673.546,10586.629,11595.054,10568.294,10043.913,12207.443,11078.007,9314.18,7961.057,7924.387,8041.731,7711.701,7708.034,7554.02,7506.349,7884.05,8287.42,8034.397,8551.444,8646.786,9497.53,10091.584,10029.245,11052.338,11510.713
Montenegro,MNE,CO2 emissions (kt),EN.ATM.CO2E.KT,,,,,,,,,,,,,,,,,,,,,,,,,,,,,,,,,,,,,,,,,,,,,2057.187,2383.55,2251.538,2750.25,1822.499,2581.568
Morocco,MAR,CO2 emissions (kt),EN.ATM.CO2E.KT,3777.01,3080.28,3960.36,4422.402,4261.054,5467.497,5416.159,5628.845,5826.863,7293.663,8203.079,8049.065,9640.543,11136.679,11111.01,11547.383,12702.488,13076.522,15958.784,15944.116,15856.108,17058.884,17795.951,17814.286,17865.624,18881.383,20117.162,21176.925,22918.75,23542.14,24975.937,26039.367,28217.565,29640.361,30373.761,31195.169,31862.563,32038.579,33153.347,33905.082,37715.095,38254.144,37561.081,43310.937,45771.494,47425.311,50267.236,49933.539,49541.17,50608.267
Mozambique,MOZ,CO2 emissions (kt),EN.ATM.CO2E.KT,2632.906,1987.514,1661.151,2141.528,2005.849,2126.86,1873.837,2779.586,3241.628,2984.938,3615.662,3300.3,3564.324,3149.953,2885.929,2559.566,2713.58,2874.928,2643.907,3208.625,2489.893,2541.231,1976.513,1536.473,1147.771,982.756,982.756,1012.092,1041.428,1001.091,1026.76,1001.091,1078.098,1070.764,1111.101,1041.428,1125.769,1133.103,1188.108,1349.456,1580.477,1587.811,1917.841,1921.508,1822.499,1980.18,2390.884,2339.546,2574.234,2882.262
Myanmar,MMR,CO2 emissions (kt),EN.ATM.CO2E.KT,2592.569,2882.262,2636.573,2860.26,2728.248,2808.922,3619.329,2929.933,3215.959,4616.753,5104.464,4899.112,4110.707,4675.425,4587.417,4899.112,5174.137,5155.802,5100.797,5526.169,5639.846,5599.509,5775.525,6571.264,6710.61,6791.284,4976.119,4118.041,4462.739,4275.722,4180.38,4888.111,5342.819,6244.901,6959.966,7256.993,7499.015,8078.401,8969.482,10087.917,8723.793,9207.837,9845.895,12434.797,11613.389,12610.813,12636.482,9028.154,10392.278,8995.151
Namibia,NAM,CO2 emissions (kt),EN.ATM.CO2E.KT,,,,,,,,,,,,,,,,,,,,,,,,,,,,,,25.669,1015.759,1122.102,1151.438,1320.12,1631.815,1749.159,1796.83,1906.84,1664.818,1642.816,2016.85,1760.16,1873.837,1961.845,2310.21,2328.545,2409.219,3578.992,3182.956,3175.622
Nepal,NPL,CO2 emissions (kt),EN.ATM.CO2E.KT,80.674,88.008,99.009,150.347,179.683,190.684,212.686,253.023,399.703,227.354,198.018,267.691,421.705,425.372,352.032,282.359,337.364,330.03,513.38,542.716,454.708,443.707,495.045,704.064,678.395,704.064,872.746,993.757,913.083,634.391,960.754,1331.121,1466.8,1697.821,2035.185,2486.226,2783.253,2251.538,3219.626,3234.294,3454.314,2709.913,2951.935,2768.585,3241.628,2662.242,2698.912,3047.277,3505.652,3755.008
Netherlands,NLD,CO2 emissions (kt),EN.ATM.CO2E.KT,75888.565,83358.244,91227.626,96867.472,100497.802,103655.089,106783.04,113552.322,115910.203,141934.902,140875.139,157794.677,165645.724,160445.918,153020.243,169683.091,164277.933,170548.503,187812.739,177508.469,164956.328,134322.21,138256.901,145055.519,147948.782,145095.856,152569.202,146914.688,163100.826,163482.194,164083.582,160339.575,165656.725,165807.072,166045.427,179085.279,171395.58,168406.975,163027.486,165363.365,167273.872,172363.668,175040.578,176903.414,172227.989,167200.532,171765.947,173845.136,169650.088,182077.551
New Caledonia,NCL,CO2 emissions (kt),EN.ATM.CO2E.KT,887.414,564.718,619.723,1100.1,1232.112,1510.804,1474.134,1840.834,1558.475,2394.551,2420.22,1705.155,2599.903,2783.253,2530.23,2390.884,2141.528,1543.807,1642.816,2002.182,1393.46,1265.115,1155.105,1206.443,1455.799,1404.461,1459.466,1547.474,1694.154,1624.481,1789.496,1771.161,1771.161,1723.49,1730.824,1763.827,1826.166,1804.164,2035.185,2299.209,1906.84,2427.554,2750.25,2552.232,2838.258,2779.586,2944.601,3281.965,2849.259,3920.023
New Zealand,NZL,CO2 emissions (kt),EN.ATM.CO2E.KT,11767.403,11210.019,12229.445,13105.858,13699.912,14015.274,13641.24,13487.226,14271.964,14194.957,15060.369,16197.139,18202.988,18756.705,18261.66,19237.082,20300.512,18008.637,16475.831,17458.587,16527.169,18239.658,17964.633,19295.754,21803.982,22893.081,24110.525,25397.642,25404.976,23663.151,24176.531,25129.951,26904.779,26387.732,27146.801,28767.615,30971.482,29952.056,32716.974,32896.657,34510.137,33201.018,33938.085,34759.493,33919.75,33553.05,33648.392,34264.448,32324.605,31550.868
Nicaragua,NIC,CO2 emissions (kt),EN.ATM.CO2E.KT,561.051,660.06,843.41,949.753,781.071,960.754,1081.765,1232.112,1287.117,1404.461,1507.137,1606.146,1829.833,1950.844,1928.842,2225.869,2838.258,2632.906,1712.489,2027.851,2141.528,2115.859,2002.182,1851.835,1991.181,2262.539,2438.555,2247.871,1477.801,2548.565,2005.849,2394.551,2302.876,2541.231,2779.586,2874.928,3142.619,3421.311,3626.663,3762.342,3964.027,4037.367,4411.401,4426.069,4319.726,4466.406,4594.751,4385.732,4495.742,4547.08
Niger,NER,CO2 emissions (kt),EN.ATM.CO2E.KT,55.005,66.006,88.008,95.342,91.675,135.679,132.012,161.348,190.684,216.353,231.021,253.023,330.03,289.693,333.697,333.697,366.7,418.038,480.377,572.052,685.729,748.068,964.421,993.757,997.424,902.082,1001.091,990.09,1041.428,832.409,821.408,784.738,880.08,872.746,920.417,1015.759,1012.092,1074.431,1059.763,795.739,759.069,814.074,880.08,964.421,828.742,806.74,821.408,916.75,1085.432,1411.795
Nigeria,NGA,CO2 emissions (kt),EN.ATM.CO2E.KT,4114.374,4180.38,5350.153,7275.328,11763.736,12907.84,12838.167,6633.603,12112.101,21539.958,32280.601,41426.099,49577.84,62291.329,47395.975,55247.022,50567.93,48294.39,70289.056,68154.862,65958.329,65602.63,59929.781,69625.329,69893.02,73505.015,59343.061,70747.431,42441.858,45375.458,45247.113,64883.898,60061.793,46658.908,34917.174,40421.341,40190.32,40182.986,44788.738,79181.531,83350.91,98125.253,93138.133,97047.155,104696.517,98513.955,95209.988,92621.086,71719.186,78910.173
Northern Mariana Islands,MNP,CO2 emissions (kt),EN.ATM.CO2E.KT,,,,,,,,,,,,,,,,,,,,,,,,,,,,,,,,,,,,,,,,,,,,,,,,,,
Norway,NOR,CO2 emissions (kt),EN.ATM.CO2E.KT,13351.547,14077.613,14983.362,16189.805,16409.825,19563.445,19328.757,21140.255,22222.02,28012.213,27198.139,29427.675,30524.108,27693.184,29666.03,29218.656,31202.503,32559.293,33296.36,35034.518,33234.021,32856.32,30091.402,33098.342,34880.504,33644.725,35133.527,33450.374,37286.056,31363.851,32023.911,29600.024,32196.26,29247.992,34906.173,33179.016,34132.436,36471.982,41022.729,38807.861,41092.402,37429.069,42625.208,42665.545,42438.191,44257.023,45089.432,50325.908,47076.946,57186.865
Oman,OMN,CO2 emissions (kt),EN.ATM.CO2E.KT,,,,11.001,25.669,29.336,135.679,161.348,234.688,234.688,2093.857,2090.19,2112.192,2335.879,7256.993,8327.757,8507.44,7796.042,7722.702,6046.883,6017.547,5735.188,7532.018,8060.066,8661.454,9875.231,9464.527,10586.629,10065.915,11386.035,11771.07,12079.098,13457.89,15306.058,15896.445,15104.373,15485.741,16560.172,20707.549,21895.657,20285.844,25470.982,32390.611,27986.544,29893.384,39603.6,44587.053,41066.733,40263.66,57201.533
Pakistan,PAK,CO2 emissions (kt),EN.ATM.CO2E.KT,14656.999,16105.464,18514.683,19035.397,19974.149,20326.181,21572.961,24737.582,23993.181,24337.879,23076.431,18929.054,20036.488,21418.947,23219.444,22838.076,24389.217,26138.376,28250.568,32067.915,34400.127,37385.065,40303.997,42856.229,47175.955,49453.162,53534.533,58213.625,60956.541,68565.566,68242.87,72789.95,78008.091,84839.712,84484.013,94447.252,94711.276,97663.211,100384.125,106449.343,108282.843,114084.037,118895.141,131601.296,136636.087,146074.945,158894.777,156676.242,157890.019,161395.671
Palau,PLW,CO2 emissions (kt),EN.ATM.CO2E.KT,51.338,51.338,55.005,58.672,66.006,66.006,73.34,77.007,132.012,135.679,165.015,172.349,176.016,194.351,194.351,113.677,183.35,110.01,124.678,157.681,157.681,157.681,157.681,157.681,161.348,161.348,161.348,183.35,227.354,234.688,234.688,113.677,110.01,110.01,113.677,117.344,117.344,117.344,117.344,117.344,183.35,183.35,190.684,187.017,190.684,201.685,209.019,209.019,209.019,216.353
Panama,PAN,CO2 emissions (kt),EN.ATM.CO2E.KT,1103.767,1191.775,1184.441,1243.113,1529.139,1657.484,1697.821,2020.517,2053.52,2203.867,2603.57,2801.588,3241.628,3021.608,3663.333,3611.995,3461.648,2841.925,3193.957,3124.284,3340.637,3292.966,3494.651,2882.262,2629.239,2753.917,3201.291,2929.933,2522.896,2768.585,3245.295,4246.386,3942.025,4338.061,2984.938,4624.087,5647.18,5947.874,5669.182,5790.193,7007.637,5870.867,6153.226,5804.861,6838.955,7370.67,7124.981,7576.022,8635.785,9633.209
Papua New Guinea,PNG,CO2 emissions (kt),EN.ATM.CO2E.KT,201.685,198.018,256.69,267.691,304.361,341.031,436.373,502.379,557.384,693.063,825.075,1268.782,1345.789,1587.811,1532.806,1573.143,1580.477,1675.819,1796.83,1829.833,1932.509,1947.177,2009.516,2046.186,2126.86,2064.521,2335.879,2200.2,2035.185,2141.528,2064.521,2053.52,1994.848,2181.865,2038.852,2163.53,2555.899,2838.258,2464.224,2687.911,3230.627,3512.986,3967.694,4481.074,4613.086,4594.751,4902.779,3476.316,3333.303,3135.285
Paraguay,PRY,CO2 emissions (kt),EN.ATM.CO2E.KT,363.033,392.369,410.704,432.706,550.05,513.38,487.711,590.387,520.714,744.401,634.391,715.065,869.079,953.42,839.743,1056.096,1184.441,1488.802,1367.791,1532.806,1444.798,1404.461,1455.799,1543.807,1606.146,1749.159,1976.513,2255.205,2343.213,2262.539,2233.203,2621.905,2951.935,3498.318,3964.027,3751.341,4195.048,4503.076,4503.076,3689.002,3821.014,3898.021,4070.37,4088.705,3832.015,3986.029,4136.376,4352.729,4517.744,5075.128
Peru,PER,CO2 emissions (kt),EN.ATM.CO2E.KT,8643.119,9970.573,10234.597,12266.115,11965.421,13256.205,13655.908,14502.985,15302.391,17784.95,18613.692,18173.652,19757.796,21360.275,21965.33,22442.04,23340.455,22460.375,22273.358,24121.526,24103.191,23670.485,20450.859,20692.881,19512.107,21847.986,25782.677,25107.949,21840.652,21169.591,20417.856,20388.52,23556.808,23230.445,23883.171,24363.548,27407.158,27806.861,29358.002,30296.754,27165.136,27187.138,26380.398,31895.566,37135.709,35063.854,43208.261,41279.419,47355.638,57579.234
Philippines,PHL,CO2 emissions (kt),EN.ATM.CO2E.KT,8723.793,10348.274,11485.044,12838.167,13982.271,16123.799,18232.324,22251.356,22860.078,24781.586,27586.841,26442.737,31543.534,30531.442,32526.29,35129.86,36754.341,37476.74,38136.8,37000.03,34664.151,34997.848,35415.886,30993.484,28048.883,29207.655,32683.971,37729.763,39141.558,41763.463,43930.66,48752.765,49482.498,54799.648,60710.852,62162.984,71158.135,69240.294,69159.62,73306.997,71051.792,71337.818,71532.169,74066.066,74832.469,67692.82,69669.333,75943.57,74784.798,81590.75
Poland,POL,CO2 emissions (kt),EN.ATM.CO2E.KT,207434.856,216815.042,231219.018,243114.766,247221.806,252678.302,259282.569,276073.762,293653.36,304441.674,313246.141,329952.993,336128.221,346876.198,375559.472,399035.606,419024.423,432056.941,442489.556,464575.897,410062.275,422211.046,422339.391,433894.108,445899.866,453369.545,465353.301,445976.873,423787.856,366773.34,361591.869,357283.144,352519.711,336161.224,346813.859,358823.284,351049.244,326935.052,317133.161,301691.424,302806.192,296931.658,304856.045,304988.057,303598.264,320004.422,315637.025,316124.736,298787.16,317254.172
Portugal,PRT,CO2 emissions (kt),EN.ATM.CO2E.KT,9090.493,9303.179,10025.578,11023.002,11598.721,11851.744,12409.128,13010.516,14612.995,15258.387,16406.158,18349.668,20003.485,20714.883,21356.608,22423.705,22728.066,22742.734,25030.942,26985.453,27227.475,29255.326,30179.41,29064.642,27407.158,30520.441,31536.2,32925.993,41209.746,42196.169,43934.327,48195.381,46812.922,47568.324,51924.72,50732.945,53233.839,58055.944,64689.547,62966.057,62863.381,66820.074,61275.57,63175.076,65309.27,59108.373,60864.866,58356.638,57410.552,52361.093
Puerto Rico,PRI,CO2 emissions (kt),EN.ATM.CO2E.KT,,,,,,,,,,,,,,,,,,,,,,,,,,,,,,,,,,,,,,,,,,,,,,,,,,
Qatar,QAT,CO2 emissions (kt),EN.ATM.CO2E.KT,161.348,190.684,6138.558,6274.237,6292.572,6277.904,6688.608,7080.977,7172.652,7568.688,9152.832,10784.647,12467.8,10487.62,10956.996,10384.944,9926.569,10531.624,14359.972,13098.524,12860.169,12354.123,11268.691,12332.121,12405.461,13296.542,11499.712,11928.751,14326.969,11774.737,17674.94,26802.103,30722.126,30223.414,30824.802,31825.893,36288.632,32401.612,31407.855,34730.157,30362.76,28481.589,36156.62,44392.702,51880.716,56735.824,67241.779,67997.181,66119.677,70531.078
Romania,ROU,CO2 emissions (kt),EN.ATM.CO2E.KT,55775.07,63879.14,69529.987,72115.222,78723.156,84183.319,92129.708,100189.774,111649.149,120112.585,125829.438,132422.704,144960.177,150944.721,162257.416,174765.553,178399.55,193903.626,196074.49,196617.206,198153.679,195773.796,200562.898,189272.205,194343.666,202147.042,212165.286,212777.675,214141.799,158861.774,137530.835,123262.538,120699.305,115415.158,127101.887,126691.183,114447.07,102232.293,89639.815,89984.513,95672.03,92173.712,95939.721,95400.672,95675.697,102595.326,100959.844,94645.27,80307.3,78745.158
Russian Federation,RUS,CO2 emissions (kt),EN.ATM.CO2E.KT,,,,,,,,,,,,,,,,,,,,,,,,,,,,,,,,2139720.169,1963938.857,1722554.915,1662526.125,1631906.675,1559237.736,1526744.449,1538834.548,1558111.967,1558012.958,1557664.593,1604972.56,1602963.044,1615687.534,1669618.103,1667597.586,1715638.953,1574367.778,1740776.238
Rwanda,RWA,CO2 emissions (kt),EN.ATM.CO2E.KT,139.346,84.341,84.341,36.67,47.671,44.004,40.337,55.005,58.672,58.672,62.339,66.006,69.673,73.34,176.016,267.691,267.691,289.693,297.027,495.045,601.388,608.722,696.73,634.391,616.056,597.721,616.056,696.73,689.396,682.062,630.724,638.058,641.725,619.723,612.389,630.724,652.726,641.725,671.061,685.729,689.396,689.396,682.062,689.396,528.048,528.048,557.384,542.716,575.719,594.054
Samoa,WSM,CO2 emissions (kt),EN.ATM.CO2E.KT,18.335,18.335,22.002,25.669,29.336,25.669,25.669,29.336,29.336,29.336,36.67,36.67,36.67,33.003,58.672,47.671,80.674,106.343,95.342,99.009,102.676,113.677,113.677,113.677,113.677,113.677,113.677,113.677,121.011,124.678,124.678,128.345,128.345,121.011,132.012,132.012,132.012,132.012,139.346,139.346,143.013,143.013,150.347,154.014,157.681,157.681,161.348,161.348,161.348,161.348
San Marino,SMR,CO2 emissions (kt),EN.ATM.CO2E.KT,,,,,,,,,,,,,,,,,,,,,,,,,,,,,,,,,,,,,,,,,,,,,,,,,,
Sao Tome and Principe,STP,CO2 emissions (kt),EN.ATM.CO2E.KT,11.001,11.001,7.334,11.001,11.001,11.001,11.001,14.668,14.668,14.668,11.001,11.001,14.668,18.335,18.335,29.336,29.336,33.003,33.003,40.337,44.004,47.671,55.005,51.338,55.005,51.338,51.338,47.671,47.671,47.671,47.671,47.671,47.671,47.671,47.671,47.671,47.671,47.671,47.671,47.671,51.338,58.672,66.006,73.34,77.007,84.341,84.341,84.341,91.675,99.009
Saudi Arabia,SAU,CO2 emissions (kt),EN.ATM.CO2E.KT,3571.658,6255.902,6945.298,7047.974,4220.717,6413.583,25507.652,29104.979,35302.209,45291.117,59808.77,70344.061,95136.648,98788.98,83336.242,101550.231,118176.409,115132.799,138135.89,169404.399,175491.619,158091.704,161050.973,155715.488,172653.361,204878.957,190706.002,202554.079,203738.52,217948.145,267768.007,285534.622,313818.193,309018.09,236253.809,258750.854,216239.323,207680.545,226459.252,296935.325,297214.017,326407.004,327272.416,395834.315,397642.146,432739.003,393535.106,418239.685,431026.514,464480.555
Senegal,SEN,CO2 emissions (kt),EN.ATM.CO2E.KT,814.074,814.074,861.745,924.084,1694.154,1719.823,700.397,,491.378,1309.119,1353.123,1455.799,1551.141,1851.835,2581.568,1774.828,2244.204,2629.239,2900.597,3351.638,3296.633,3054.611,2632.906,3307.634,2676.91,2662.242,2453.223,2742.916,3696.336,3182.956,3424.978,3479.983,3593.66,3901.688,3494.651,3740.34,3263.63,3428.645,3700.003,3938.358,4330.727,4547.08,5012.789,5280.48,5859.866,4789.102,5335.485,5441.828,5848.865,7058.975
Serbia,SRB,CO2 emissions (kt),EN.ATM.CO2E.KT,,,,,,,,,,,,,,,,,,,,,,,,,,,,,,,,,,,,,,,,,,,,,,53765.554,52251.083,51880.716,46127.193,45962.178
Seychelles,SYC,CO2 emissions (kt),EN.ATM.CO2E.KT,,,7.334,7.334,7.334,7.334,7.334,7.334,7.334,29.336,33.003,44.004,47.671,55.005,58.672,80.674,84.341,77.007,121.011,95.342,99.009,84.341,99.009,99.009,150.347,165.015,201.685,198.018,234.688,113.677,143.013,165.015,161.348,187.017,190.684,198.018,414.371,440.04,513.38,564.718,641.725,542.716,557.384,744.401,696.73,744.401,652.726,707.731,755.402,704.064
Sierra Leone,SLE,CO2 emissions (kt),EN.ATM.CO2E.KT,289.693,326.363,370.367,304.361,282.359,300.694,253.023,385.035,1107.434,872.746,803.073,678.395,539.049,520.714,524.381,451.041,513.38,711.398,678.395,608.722,693.063,553.717,689.396,616.056,663.727,674.728,498.712,458.375,374.034,388.702,469.376,216.353,216.353,286.026,286.026,319.029,330.03,304.361,293.36,425.372,568.385,608.722,652.726,641.725,546.383,733.4,634.391,663.727,652.726,689.396
Singapore,SGP,CO2 emissions (kt),EN.ATM.CO2E.KT,2093.857,2577.901,3399.309,3703.67,2530.23,674.728,3058.278,5419.826,7205.655,18210.322,16593.175,22240.355,21220.929,21968.997,24543.231,30036.397,28309.24,33164.348,36123.617,31433.524,26849.774,29750.371,34997.848,33402.703,33417.371,35027.184,32599.63,36105.282,41888.141,46941.267,47425.311,50267.236,54627.299,65367.942,47109.949,55305.694,69240.294,57293.208,50069.218,49005.788,49541.17,47230.96,31132.83,28474.255,30359.093,30799.133,17865.624,19636.785,24766.918,13520.229
Sint Maarten (Dutch part),SXM,CO2 emissions (kt),EN.ATM.CO2E.KT,,,,,,,,,,,,,,,,,,,,,,,,,,,,,,,,,,,,,,,,,,,,,,,,,,
Slovak Republic,SVK,CO2 emissions (kt),EN.ATM.CO2E.KT,,,,,,,,,,,,,,,,,,,,,,,,,,,,,,,,44983.089,40296.663,39603.6,42152.165,41433.433,40626.693,41558.111,40615.692,37311.725,39357.911,39251.568,39493.59,38749.189,39174.561,38928.872,36600.327,37557.414,33890.414,36094.281
Slovenia,SVN,CO2 emissions (kt),EN.ATM.CO2E.KT,,,,,,,,,,,,,,,,,,,,,,,,,,,,,,,,12478.801,13164.53,13340.546,14403.976,14954.026,15859.775,15192.381,15232.718,14264.63,15163.045,15419.735,15500.409,15746.098,15867.109,16244.81,16211.807,17179.895,15309.725,15328.06
Solomon Islands,SLB,CO2 emissions (kt),EN.ATM.CO2E.KT,14.668,14.668,14.668,18.335,25.669,25.669,33.003,36.67,36.67,40.337,47.671,55.005,66.006,66.006,58.672,62.339,80.674,62.339,110.01,102.676,135.679,121.011,143.013,143.013,150.347,154.014,161.348,157.681,161.348,161.348,161.348,161.348,157.681,154.014,161.348,161.348,161.348,161.348,165.015,165.015,172.349,172.349,179.683,179.683,179.683,179.683,198.018,198.018,198.018,201.685
Somalia,SOM,CO2 emissions (kt),EN.ATM.CO2E.KT,88.008,106.343,102.676,135.679,132.012,139.346,227.354,154.014,161.348,216.353,187.017,234.688,264.024,330.03,502.379,480.377,799.406,557.384,487.711,814.074,275.025,718.732,935.085,715.065,858.078,924.084,993.757,1008.425,957.087,18.335,3.667,11.001,11.001,11.001,11.001,,,,,517.047,502.379,572.052,575.719,575.719,579.386,575.719,605.055,608.722,594.054,608.722
South Africa,ZAF,CO2 emissions (kt),EN.ATM.CO2E.KT,102213.958,105767.281,109826.65,119657.877,128260.659,128356.001,133885.837,138084.552,143280.691,149763.947,168568.323,171725.61,173533.441,176734.732,185201.835,193115.221,199950.509,202099.371,218908.899,228454.1,257368.395,280749.187,292230.564,315948.72,324214.138,330855.075,329025.242,343055.184,341108.007,333513.65,346337.149,324852.196,342549.138,358929.627,353458.463,358639.934,371327.754,372218.835,371034.394,368610.507,362743.307,347686.605,380810.616,427132.16,396116.674,424843.952,443648.328,465023.271,503941.142,460124.159
South Asia,SAS,CO2 emissions (kt),EN.ATM.CO2E.KT,150117.372136511,165281.269160833,178495.734869958,175459.979234078,192550.98584098,198886.637615372,201137.412320896,219943.47205052,223581.914467052,228247.156583956,237622.131476652,245538.653,254592.476,263279.599,285607.962,297195.682,351470.949,356080.368,373392.275,393978.813,423641.176,451444.37,488763.429,506497.041,556045.545,594307.023,635098.731,685501.646,744628.354,782042.755,829911.773,882456.216,917861.101,977600.198,1036972.595,1131962.563,1175882.222,1205412.573,1283450,1336056.782,1359892.282,1389767.331,1449862.127,1536428.996,1602313.985,1715594.949,1837222.005,2034697.289,2216796.842,2252623.432
South Asia (IFC classification),CSA,CO2 emissions (kt),EN.ATM.CO2E.KT,,,,,,,,,,,,,,,,,,,,,,,,,,,,,,,,,,,,,,,,,,,,,,,,,,
South Sudan,SSD,CO2 emissions (kt),EN.ATM.CO2E.KT,,,,,,,,,,,,,,,,,,,,,,,,,,,,,,,,,,,,,,,,,,,,,,,,,,
Southern Cone Extended,SCE,CO2 emissions (kt),EN.ATM.CO2E.KT,,,,,,,,,,,,,,,,,,,,,,,,,,,,,,,,,,,,,,,,,,,,,,,,,,
Spain,ESP,CO2 emissions (kt),EN.ATM.CO2E.KT,53677.546,60054.459,58822.347,64410.855,71117.798,77729.399,86519.198,97157.165,96882.14,116929.629,128682.364,145026.183,155367.123,173152.073,181644.845,198443.372,195663.786,200493.225,203745.854,215003.544,207288.176,209906.414,204867.956,198953.085,201233.959,190467.647,190878.351,199033.759,226671.938,218864.895,225857.864,234057.276,219407.611,233558.564,241732.307,233422.885,252168.589,261563.443,282384.669,294434.431,297830.073,314518.59,321097.188,339428.521,353462.13,350037.152,358236.564,329285.599,288237.201,269674.847
Sri Lanka,LKA,CO2 emissions (kt),EN.ATM.CO2E.KT,2335.879,2563.233,2533.897,2273.54,2658.575,2662.242,2948.268,3241.628,4319.726,3597.327,3179.289,3443.313,3589.993,2856.593,2827.257,2717.247,2838.258,3366.306,3747.674,3322.302,3975.028,4415.068,4803.77,3762.342,3854.017,3545.989,3960.36,3377.307,3395.642,3773.343,4063.036,5056.793,4902.779,5408.825,5797.527,6952.632,7506.349,7763.039,8536.776,10161.257,10245.598,11008.334,10659.969,11965.421,11642.725,11738.067,12456.799,11892.081,12830.833,12709.822
St. Kitts and Nevis,KNA,CO2 emissions (kt),EN.ATM.CO2E.KT,22.002,14.668,18.335,18.335,22.002,22.002,22.002,33.003,25.669,25.669,29.336,29.336,29.336,36.67,33.003,36.67,36.67,33.003,36.67,51.338,55.005,66.006,51.338,51.338,51.338,58.672,55.005,66.006,66.006,66.006,73.34,73.34,84.341,88.008,95.342,102.676,102.676,102.676,102.676,102.676,183.35,198.018,220.02,227.354,234.688,234.688,249.356,249.356,260.357,249.356
St. Lucia,LCA,CO2 emissions (kt),EN.ATM.CO2E.KT,18.335,18.335,22.002,22.002,25.669,29.336,33.003,36.67,62.339,66.006,69.673,77.007,80.674,73.34,77.007,84.341,69.673,99.009,150.347,113.677,95.342,113.677,102.676,113.677,128.345,132.012,146.68,165.015,165.015,165.015,172.349,205.352,227.354,264.024,311.695,330.03,311.695,308.028,319.029,330.03,363.033,326.363,359.366,355.699,366.7,366.7,385.035,396.036,385.035,403.37
St. Martin (French part),MAF,CO2 emissions (kt),EN.ATM.CO2E.KT,,,,,,,,,,,,,,,,,,,,,,,,,,,,,,,,,,,,,,,,,,,,,,,,,,
St. Vincent and the Grenadines,VCT,CO2 emissions (kt),EN.ATM.CO2E.KT,11.001,11.001,14.668,18.335,14.668,18.335,18.335,22.002,29.336,29.336,29.336,36.67,40.337,33.003,33.003,33.003,33.003,36.67,29.336,36.67,36.67,40.337,40.337,66.006,66.006,66.006,77.007,66.006,77.007,80.674,77.007,84.341,102.676,121.011,132.012,135.679,135.679,165.015,168.682,157.681,179.683,187.017,194.351,194.351,198.018,201.685,201.685,201.685,201.685,209.019
Sudan,SDN,CO2 emissions (kt),EN.ATM.CO2E.KT,1386.126,1485.135,1679.486,1859.169,2427.554,2643.907,3186.623,3105.949,4184.047,4855.108,4983.453,5379.489,5427.16,5683.85,4239.052,3755.008,3806.346,3439.646,3571.658,3747.674,3641.331,3828.348,3909.022,3505.652,4074.037,4250.053,3351.638,4847.774,3758.675,5559.172,5386.823,4756.099,2907.931,4444.404,4602.085,4268.388,5419.826,4697.427,5093.463,5533.503,6369.579,8118.738,9072.158,11382.368,10707.64,11503.379,12541.14,12588.811,14055.611,14172.955
Suriname,SUR,CO2 emissions (kt),EN.ATM.CO2E.KT,429.039,495.045,531.715,605.055,795.739,1096.433,1334.788,1452.132,1521.805,1609.813,1716.156,1745.492,2108.525,1602.479,2020.517,1998.515,1899.506,2394.551,2295.542,2372.549,2031.518,1873.837,1375.125,1554.808,1598.812,1760.16,1760.16,1877.504,1855.502,1811.498,2101.191,2112.192,2156.196,2163.53,2181.865,2130.527,2141.528,2163.53,2152.529,2126.86,2266.206,2251.538,2240.537,2291.875,2379.883,2442.222,2442.222,2442.222,2467.891,2383.55
Swaziland,SWZ,CO2 emissions (kt),EN.ATM.CO2E.KT,3.667,,,11.001,80.674,201.685,227.354,278.692,304.361,366.7,399.703,381.368,370.367,311.695,337.364,333.697,341.031,440.04,447.374,465.709,436.373,436.373,271.358,333.697,440.04,458.375,436.373,436.373,436.373,425.372,326.363,264.024,132.012,484.044,454.708,341.031,1202.776,1213.777,1239.446,1188.108,1144.104,1125.769,1041.428,1030.427,1019.426,1015.759,1063.43,1092.766,1023.093,1023.093
Sweden,SWE,CO2 emissions (kt),EN.ATM.CO2E.KT,48851.774,51326.999,55371.7,60432.16,62628.693,72591.932,69001.939,77685.395,86467.86,92379.064,84590.356,84781.04,87366.275,79889.262,80824.347,88308.694,85804.133,79533.563,84927.72,71759.523,69430.978,62291.329,58297.966,57333.545,62394.005,62038.306,59717.095,57443.555,55533.048,51128.981,53226.505,55228.687,52034.73,54539.291,50743.946,57700.245,51844.046,52977.149,51106.979,49794.193,51128.981,57425.22,54781.313,54520.956,51561.687,49570.506,48059.702,49104.797,43743.643,52515.107
Switzerland,CHE,CO2 emissions (kt),EN.ATM.CO2E.KT,20388.52,24150.862,29101.312,28166.227,30370.094,31525.199,32559.293,36028.275,38096.463,40296.663,41943.146,42973.573,46262.872,41481.104,39097.554,40483.68,41085.068,42218.171,39911.628,40538.685,38859.199,36629.663,40069.309,39174.561,39827.287,42295.178,40252.659,40711.034,39467.921,42863.563,41998.151,43065.248,40762.372,41319.756,39233.233,39929.963,41466.436,41829.469,40700.033,39049.883,42962.572,40718.368,40204.988,40392.005,41374.761,41877.14,38019.456,40392.005,41598.448,38756.523
Syrian Arab Republic,SYR,CO2 emissions (kt),EN.ATM.CO2E.KT,3065.612,3204.958,3611.995,4367.397,3678.001,4917.447,4609.419,5962.542,7242.325,6659.272,8885.141,7766.706,7895.051,9666.212,11184.35,13758.584,14664.333,15221.717,22548.383,20802.891,26637.088,24488.226,27960.875,33091.008,29651.362,31352.85,36226.293,36945.025,34565.142,37451.071,43193.593,44436.706,47117.283,48532.745,43996.666,44249.689,40967.724,50281.904,52379.428,51048.307,48785.768,39068.218,54286.268,51110.646,50633.936,53589.538,57428.887,67700.154,62111.646,61858.623
Tajikistan,TJK,CO2 emissions (kt),EN.ATM.CO2E.KT,,,,,,,,,,,,,,,,,,,,,,,,,,,,,,,,7220.323,5170.47,2354.214,2449.556,2827.257,2152.529,2497.227,2519.229,2236.87,2291.875,1881.171,2075.522,2563.233,2438.555,2654.908,3223.293,3032.609,2893.263,2860.26
Tanzania,TZA,CO2 emissions (kt),EN.ATM.CO2E.KT,704.064,766.403,803.073,1034.094,1162.439,1371.458,1760.16,1653.817,1796.83,1767.494,2464.224,2167.197,3186.623,2306.543,2284.541,2790.587,2013.183,2203.867,2071.855,1884.838,2123.193,2167.197,2218.535,2368.882,2357.881,2299.209,2390.884,2288.208,2207.534,2372.549,2434.888,2361.548,2636.573,2445.889,3553.323,3461.648,2882.262,2555.899,2537.564,2651.241,3127.951,3589.993,3806.346,4352.729,5617.844,5958.875,6149.559,6538.261,6446.586,6846.289
Thailand,THA,CO2 emissions (kt),EN.ATM.CO2E.KT,4147.377,5034.791,5570.173,7480.68,7451.344,9479.195,12167.106,17099.221,14561.657,15375.731,19248.083,21836.985,24455.223,24246.204,24407.552,28778.616,32159.59,35067.521,36736.006,40116.98,38048.792,37905.779,42449.192,45965.845,48668.424,49702.518,56944.843,67003.424,78891.838,95833.378,105235.566,115187.804,130735.884,145469.89,167585.567,186965.662,193096.886,171065.55,182810.951,188355.455,202132.374,215975.299,232198.107,252344.605,256169.286,261211.411,262205.168,261838.468,276587.142,295281.508
Timor-Leste,TLS,CO2 emissions (kt),EN.ATM.CO2E.KT,,,,,,,,,,,,,,,,,,,,,,,,,,,,,,,,,,,,,,,,,,161.348,161.348,176.016,176.016,179.683,183.35,190.684,183.35,183.35
Togo,TGO,CO2 emissions (kt),EN.ATM.CO2E.KT,91.675,88.008,106.343,132.012,132.012,179.683,198.018,194.351,242.022,275.025,315.362,399.703,403.37,377.701,311.695,322.696,462.042,355.699,1382.459,718.732,627.057,733.4,546.383,608.722,550.05,707.731,766.403,792.072,836.076,773.737,843.41,836.076,865.412,832.409,953.42,1059.763,986.423,1166.106,1536.473,1356.79,1162.439,1232.112,1463.133,1397.127,1338.455,1221.111,1316.453,1455.799,1503.47,1540.14
Tonga,TON,CO2 emissions (kt),EN.ATM.CO2E.KT,11.001,11.001,11.001,11.001,11.001,11.001,14.668,14.668,11.001,25.669,18.335,22.002,25.669,22.002,33.003,29.336,29.336,36.67,40.337,40.337,47.671,44.004,47.671,47.671,47.671,47.671,55.005,69.673,69.673,77.007,91.675,88.008,102.676,106.343,110.01,110.01,113.677,110.01,128.345,121.011,143.013,146.68,176.016,172.349,157.681,176.016,154.014,161.348,172.349,157.681
Trinidad and Tobago,TTO,CO2 emissions (kt),EN.ATM.CO2E.KT,4602.085,7238.658,1309.119,3795.345,5196.139,4055.702,4638.755,4041.034,3905.355,8998.818,8104.07,8243.416,9398.521,10051.247,9622.208,15925.781,16175.137,15328.06,16725.187,16937.873,17260.569,18426.675,16303.482,17535.594,20755.22,17385.247,17520.926,15867.109,16142.134,16959.875,21048.58,20986.241,16820.529,19853.138,20967.906,21781.98,19229.748,19317.756,22816.074,24513.895,25023.608,26890.111,27696.851,30993.484,28580.598,32152.256,46460.89,42540.867,48177.046,50681.607
Tunisia,TUN,CO2 emissions (kt),EN.ATM.CO2E.KT,1767.494,1796.83,1947.177,2757.584,2464.224,2885.929,3087.614,3597.327,3857.684,3744.007,4213.383,4737.764,4829.439,5397.824,5548.171,5848.865,6758.281,7491.681,8771.464,9490.196,9820.226,9526.866,11305.361,11547.383,11939.752,12064.43,11749.068,12464.133,13234.203,13267.206,15489.408,15023.699,16501.5,15940.449,15735.097,16758.19,16945.207,18001.303,18331.333,19922.811,20817.559,21015.577,21396.945,22445.707,22801.406,23127.769,23868.503,25012.607,24807.255,25878.019
Turkey,TUR,CO2 emissions (kt),EN.ATM.CO2E.KT,17363.245,21631.633,22669.394,26336.394,27388.823,31547.201,33523.714,36314.301,38807.861,42639.876,47733.339,53857.229,59486.074,61136.224,65697.972,73721.368,81572.415,77256.356,75576.87,75763.887,79874.594,86988.574,90541.897,95796.708,106717.034,116881.958,129907.142,126309.815,139316.664,145854.925,148612.509,153104.584,159133.132,156844.924,171971.299,188197.774,198527.713,200606.902,196767.553,216147.648,194538.017,205678.363,218509.196,225406.823,237368.577,261570.777,284658.209,285274.265,277844.923,298002.422
Turkmenistan,TKM,CO2 emissions (kt),EN.ATM.CO2E.KT,,,,,,,,,,,,,,,,,,,,,,,,,,,,,,,,28067.218,27663.848,33476.043,34620.147,31363.851,30157.408,26490.408,34759.493,35364.548,39269.903,40245.325,42214.504,43336.606,45375.458,46255.538,53516.198,55093.008,48525.411,53054.156
Turks and Caicos Islands,TCA,CO2 emissions (kt),EN.ATM.CO2E.KT,,,,,,,,,,,,,,,,,,,,,,,,,,,,,,,,,,,11.001,11.001,11.001,14.668,14.668,14.668,14.668,99.009,102.676,102.676,121.011,143.013,157.681,157.681,161.348,161.348
Tuvalu,TUV,CO2 emissions (kt),EN.ATM.CO2E.KT,,,,,,,,,,,,,,,,,,,,,,,,,,,,,,,,,,,,,,,,,,,,,,,,,,
Uganda,UGA,CO2 emissions (kt),EN.ATM.CO2E.KT,407.037,429.039,432.706,491.378,627.057,733.4,810.407,982.756,1177.107,1444.798,1441.131,1382.459,1180.774,1195.442,1133.103,990.09,806.74,700.397,674.728,627.057,528.048,546.383,616.056,583.053,619.723,704.064,770.07,865.412,803.073,803.073,828.742,839.743,832.409,762.736,993.757,1114.768,1147.771,1349.456,1408.128,1532.806,1620.814,1668.485,1708.822,1851.835,2284.541,2654.908,3127.951,3160.954,3366.306,3784.344
Ukraine,UKR,CO2 emissions (kt),EN.ATM.CO2E.KT,,,,,,,,,,,,,,,,,,,,,,,,,,,,,,,,641680.996,546111.642,447010.967,445943.87,412335.815,341196.015,328636.54,332549.229,320774.492,321650.905,318684.302,352259.354,343121.19,333869.349,326480.344,327595.112,323458.736,261812.799,304804.707
United Arab Emirates,ARE,CO2 emissions (kt),EN.ATM.CO2E.KT,11.001,18.335,22.002,18.335,22.002,25.669,916.75,1243.113,20524.199,15247.386,21184.259,23454.132,30630.451,31327.181,31070.491,39651.271,38785.859,44814.407,36607.661,36904.688,36857.017,36871.685,35342.546,46394.884,49926.205,47234.627,47693.002,48367.73,54487.953,52009.061,57010.849,58136.618,65980.331,73130.981,70641.088,41059.399,41646.119,81495.408,78374.791,112562.232,101414.552,84704.033,106841.712,113240.627,116148.558,123874.927,139404.672,158935.114,162602.114,167596.568
United Kingdom,GBR,CO2 emissions (kt),EN.ATM.CO2E.KT,588938.535,593360.937,603822.888,608355.3,622619.93,618564.228,592517.527,606969.174,628857.497,653063.364,660863.073,648486.948,660034.331,617607.141,603643.205,598912.775,604746.972,605084.336,644893.288,579290.658,560819.979,548520.861,545741.275,529335.117,559855.558,568777.369,571868.65,570464.189,581721.879,571050.909,584351.118,578062.213,558579.442,555238.805,555667.844,571362.604,545572.593,545290.234,535550.682,543662.086,550552.379,531938.687,540640.478,540409.457,541986.267,542041.272,528906.078,522466.826,475107.521,493504.86
United States,USA,CO2 emissions (kt),EN.ATM.CO2E.KT,2880505.507,2987207.873,3119230.874,3255995.306,3390922.571,3561878.111,3695708.943,3831354.94,4024748.853,4328904.501,4356770.034,4564952.958,4770194.948,4598487.673,4406329.539,4613100.668,4742292.745,4889112.091,4900373.448,4721170.825,4531792.277,4300598.928,4334925.715,4470326.023,4486460.823,4491176.585,4684431.152,4888664.717,4951084.391,4768137.761,4826703.418,4922195.765,5029767.21,5121559.554,5156168.7,5286046.506,5419440.965,5456092.63,5531691.502,5713560.034,5601404.839,5650949.676,5681664.468,5790765.052,5826393.624,5737615.554,5828696.5,5656838.878,5311840.184,5433056.536
Uruguay,URY,CO2 emissions (kt),EN.ATM.CO2E.KT,4121.708,4011.698,4319.726,4558.081,5522.502,5405.158,4884.444,4884.444,5595.842,5742.522,5808.528,6076.219,5775.525,5683.85,5969.876,5896.536,5650.847,5742.522,6277.904,5837.864,5375.822,4873.443,3817.347,3450.647,3296.633,3179.289,3560.657,4807.437,4880.777,3993.363,4554.414,5170.47,4466.406,4066.703,4591.084,5441.828,5555.505,5687.517,6725.278,5306.149,5089.796,4620.42,4598.418,5610.51,5775.525,6648.271,5999.212,8331.424,7891.384,6644.604
Uzbekistan,UZB,CO2 emissions (kt),EN.ATM.CO2E.KT,,,,,,,,,,,,,,,,,,,,,,,,,,,,,,,,114014.364,118532.108,110981.755,100912.173,103189.38,101781.252,117571.354,117421.007,119951.237,122037.76,126914.87,122683.152,119305.845,111887.504,116529.926,116944.297,120039.245,116606.933,104443.494
Vanuatu,VUT,CO2 emissions (kt),EN.ATM.CO2E.KT,,40.337,33.003,62.339,47.671,77.007,84.341,62.339,44.004,40.337,58.672,62.339,55.005,62.339,55.005,44.004,51.338,58.672,62.339,62.339,51.338,51.338,55.005,55.005,121.011,58.672,47.671,66.006,62.339,69.673,66.006,66.006,66.006,66.006,66.006,84.341,88.008,84.341,84.341,80.674,88.008,84.341,80.674,55.005,55.005,47.671,95.342,91.675,117.344,117.344
"Venezuela, RB",VEN,CO2 emissions (kt),EN.ATM.CO2E.KT,51928.387,54106.585,56204.109,56603.812,60787.859,57029.184,65815.316,65635.633,68998.272,74561.111,62562.687,62577.355,66501.045,75133.163,63816.801,57344.546,63732.46,68690.244,76570.627,90802.254,91968.36,93405.824,93101.463,93218.807,101278.873,109529.623,110981.755,116097.22,108854.895,122162.438,115440.827,105873.624,124355.304,129947.479,133236.778,122752.825,133962.844,167321.543,172616.691,152415.188,172525.016,193261.901,192103.129,168267.629,181630.177,171824.619,175784.979,186811.648,185341.181,201747.339
Vietnam,VNM,CO2 emissions (kt),EN.ATM.CO2E.KT,1822.499,1796.83,2082.856,4081.371,4913.78,10417.947,15152.044,15229.051,18569.688,28199.23,24528.563,23058.096,25096.948,19083.068,21800.315,13923.599,15276.722,15419.735,16281.48,16820.529,17726.278,18382.671,19317.756,17550.262,21165.924,23091.099,25969.694,23182.774,17509.925,21407.946,21451.95,21477.619,23006.758,26230.051,29090.311,34667.818,45100.433,47513.319,47693.002,53644.543,61139.891,70806.103,78767.16,90549.231,97941.903,102455.98,113651.331,127164.226,140057.398,150229.656
Virgin Islands (U.S.),VIR,CO2 emissions (kt),EN.ATM.CO2E.KT,,,,,,,,,,,,,,,,,,,,,,,,,,,,,,,,,,,,,,,,,,,,,,,,,,
West Bank and Gaza,PSE,CO2 emissions (kt),EN.ATM.CO2E.KT,,,,,,,,,,,,,,,,,,,,,,,,,,,,,,,,,,,,,396.036,601.388,649.059,792.072,1349.456,1155.105,1279.783,1866.503,2742.916,2266.206,2324.878,2053.52,2090.19,2365.215
"Yemen, Rep.",YEM,CO2 emissions (kt),EN.ATM.CO2E.KT,2665.909,3887.02,2918.932,3633.997,3931.024,3465.315,3054.611,11646.392,4679.092,2511.895,1972.846,1496.136,2731.915,2247.871,2170.864,2566.9,2981.271,3105.949,3223.293,3318.635,4231.718,5947.874,6329.242,7172.652,8657.787,8269.085,8683.456,9603.873,9996.242,9596.539,10109.919,14381.974,9431.524,11367.7,11250.356,14935.691,15474.74,12200.109,13894.263,14638.664,16252.144,15764.433,17304.573,18881.383,20043.822,20795.557,21712.307,22207.352,23058.096,21851.653
Zambia,ZMB,CO2 emissions (kt),EN.ATM.CO2E.KT,,,,3278.298,3916.356,3501.985,4792.769,4572.749,4275.722,3769.676,3791.678,4066.703,4591.084,4202.382,4081.371,4026.366,3744.007,3476.316,3604.661,3531.321,3366.306,3520.32,3270.964,2819.923,2753.917,2889.596,2702.579,3142.619,2603.57,2445.889,2416.553,2456.89,2500.894,2420.22,2170.864,1870.17,2390.884,2313.877,1807.831,1818.832,1906.84,1969.179,2101.191,2130.527,2273.54,2225.869,1653.817,1844.501,2156.196,2427.554
Zimbabwe,ZWE,CO2 emissions (kt),EN.ATM.CO2E.KT,,,,4473.74,5214.474,6046.883,5298.815,6384.247,6750.947,8162.742,8742.128,8225.081,9281.177,9057.49,8320.423,10868.988,9299.512,9295.845,9449.859,9636.876,9435.191,8811.801,10461.951,9922.902,10263.933,13127.86,15240.052,16101.797,16186.138,15504.076,15823.105,16901.203,16208.14,17645.604,15130.042,14994.363,14407.643,14253.629,15834.106,13886.929,12563.142,11932.418,10626.966,9926.569,10773.646,10344.607,10212.595,8148.074,8734.794,9427.857